timestamp,x,y,z,yaw
0.0000,0.000000,0.000000,0.000000,0.000000
0.1000,0.000000,0.000000,0.050000,0.000000
0.2000,0.000000,0.000000,0.100000,0.000000
0.3000,0.000000,0.000000,0.150000,0.000000
0.4000,0.000000,0.000000,0.200000,0.000000
0.5000,0.000000,0.000000,0.250000,0.000000
0.6000,0.000000,0.000000,0.300000,0.000000
0.7000,0.000000,0.000000,0.350000,0.000000
0.8000,0.000000,0.000000,0.400000,0.000000
0.9000,0.000000,0.000000,0.450000,0.000000
1.0000,0.000000,0.000000,0.500000,0.000000
1.1000,0.000000,0.000000,0.550000,0.000000
1.2000,0.000000,0.000000,0.600000,0.000000
1.3000,0.000000,0.000000,0.650000,0.000000
1.4000,0.000000,0.000000,0.700000,0.000000
1.5000,0.000000,0.000000,0.750000,0.000000
1.6000,0.000000,0.000000,0.800000,0.000000
1.7000,0.000000,0.000000,0.850000,0.000000
1.8000,0.000000,0.000000,0.900000,0.000000
1.9000,0.000000,0.000000,0.950000,0.000000
2.0000,0.000000,0.000000,1.000000,0.000000
2.1000,0.000000,0.000000,1.050000,0.000000
2.2000,0.000000,0.000000,1.100000,0.000000
2.3000,0.000000,0.000000,1.150000,0.000000
2.4000,0.000000,0.000000,1.200000,0.000000
2.5000,0.000000,0.000000,1.250000,0.000000
2.6000,0.000000,0.000000,1.300000,0.000000
2.7000,0.000000,0.000000,1.350000,0.000000
2.8000,0.000000,0.000000,1.400000,0.000000
2.9000,0.000000,0.000000,1.450000,0.000000
3.0000,0.000000,0.000000,1.500000,0.000000
3.1000,0.000000,0.000000,1.550000,0.000000
3.2000,0.000000,0.000000,1.600000,0.000000
3.3000,0.000000,0.000000,1.650000,0.000000
3.4000,0.000000,0.000000,1.700000,0.000000
3.5000,0.000000,0.000000,1.750000,0.000000
3.6000,0.000000,0.000000,1.800000,0.000000
3.7000,0.000000,0.000000,1.850000,0.000000
3.8000,0.000000,0.000000,1.900000,0.000000
3.9000,0.000000,0.000000,1.950000,0.000000
4.0000,0.000000,0.000000,2.000000,0.000000
4.1000,0.075188,0.000000,2.000000,0.000000
4.2000,0.150375,0.000000,2.000000,0.000000
4.3000,0.225563,0.000000,2.000000,0.000000
4.4000,0.300751,0.000000,2.000000,0.000000
4.5000,0.375939,0.000000,2.000000,0.000000
4.6000,0.451126,0.000000,2.000000,0.000000
4.7000,0.526314,0.000000,2.000000,0.000000
4.8000,0.601502,0.000000,2.000000,0.000000
4.9000,0.676689,0.000000,2.000000,0.000000
5.0000,0.751877,0.000000,2.000000,0.000000
5.1000,0.827065,0.000000,2.000000,0.000000
5.2000,0.902253,0.000000,2.000000,0.000000
5.3000,0.977440,0.000000,2.000000,0.000000
5.4000,1.052628,0.000000,2.000000,0.000000
5.5000,1.127816,0.000000,2.000000,0.000000
5.6000,1.203004,0.000000,2.000000,0.000000
5.7000,1.278191,0.000000,2.000000,0.000000
5.8000,1.353379,0.000000,2.000000,0.000000
5.9000,1.428567,0.000000,2.000000,0.000000
6.0000,1.503754,0.000000,2.000000,0.000000
6.1000,1.578942,0.000000,2.000000,0.000000
6.2000,1.654130,0.000000,2.000000,0.000000
6.3000,1.729318,0.000000,2.000000,0.000000
6.4000,1.804505,0.000000,2.000000,0.000000
6.5000,1.879693,0.000000,2.000000,0.000000
6.6000,1.954881,0.000000,2.000000,0.000000
6.7000,2.030068,0.000000,2.000000,0.000000
6.8000,2.105256,0.000000,2.000000,0.000000
6.9000,2.180444,0.000000,2.000000,0.000000
7.0000,2.255632,0.000000,2.000000,0.000000
7.1000,2.330819,0.000000,2.000000,0.000000
7.2000,2.406007,0.000000,2.000000,0.000000
7.3000,2.481195,0.000000,2.000000,0.000000
7.4000,2.556382,0.000000,2.000000,0.000000
7.5000,2.631570,0.000000,2.000000,0.000000
7.6000,2.706758,0.000000,2.000000,0.000000
7.7000,2.781946,0.000000,2.000000,0.000000
7.8000,2.857133,0.000000,2.000000,0.000000
7.9000,2.932321,0.000000,2.000000,0.000000
8.0000,3.007509,0.000000,2.000000,0.000000
8.1000,3.082696,0.000000,2.000000,0.000000
8.2000,3.157884,0.000000,2.000000,0.000000
8.3000,3.233072,0.000000,2.000000,0.000000
8.4000,3.308260,0.000000,2.000000,0.000000
8.5000,3.383447,0.000000,2.000000,0.000000
8.6000,3.458635,0.000000,2.000000,0.000000
8.7000,3.533823,0.000000,2.000000,0.000000
8.8000,3.609011,0.000000,2.000000,0.000000
8.9000,3.684198,0.000000,2.000000,0.000000
9.0000,3.759386,0.000000,2.000000,0.000000
9.1000,3.834574,0.000000,2.000000,0.000000
9.2000,3.909761,0.000000,2.000000,0.000000
9.3000,3.984949,0.000000,2.000000,0.000000
9.4000,4.060137,0.000000,2.000000,0.000000
9.5000,4.135325,0.000000,2.000000,0.000000
9.6000,4.210512,0.000000,2.000000,0.000000
9.7000,4.285700,0.000000,2.000000,0.000000
9.8000,4.285700,0.075472,2.000000,1.570796
9.9000,4.285700,0.150943,2.000000,1.570796
10.0000,4.285700,0.226415,2.000000,1.570796
10.1000,4.285700,0.301887,2.000000,1.570796
10.2000,4.285700,0.377358,2.000000,1.570796
10.3000,4.285700,0.452830,2.000000,1.570796
10.4000,4.285700,0.528302,2.000000,1.570796
10.5000,4.285700,0.603774,2.000000,1.570796
10.6000,4.285700,0.679245,2.000000,1.570796
10.7000,4.285700,0.754717,2.000000,1.570796
10.8000,4.285700,0.830189,2.000000,1.570796
10.9000,4.285700,0.905660,2.000000,1.570796
11.0000,4.285700,0.981132,2.000000,1.570796
11.1000,4.285700,1.056604,2.000000,1.570796
11.2000,4.285700,1.132075,2.000000,1.570796
11.3000,4.285700,1.207547,2.000000,1.570796
11.4000,4.285700,1.283019,2.000000,1.570796
11.5000,4.285700,1.358491,2.000000,1.570796
11.6000,4.285700,1.433962,2.000000,1.570796
11.7000,4.285700,1.509434,2.000000,1.570796
11.8000,4.285700,1.584906,2.000000,1.570796
11.9000,4.285700,1.660377,2.000000,1.570796
12.0000,4.285700,1.735849,2.000000,1.570796
12.1000,4.285700,1.811321,2.000000,1.570796
12.2000,4.285700,1.886792,2.000000,1.570796
12.3000,4.285700,1.962264,2.000000,1.570796
12.4000,4.285700,2.037736,2.000000,1.570796
12.5000,4.285700,2.113208,2.000000,1.570796
12.6000,4.285700,2.188679,2.000000,1.570796
12.7000,4.285700,2.264151,2.000000,1.570796
12.8000,4.285700,2.339623,2.000000,1.570796
12.9000,4.285700,2.415094,2.000000,1.570796
13.0000,4.285700,2.490566,2.000000,1.570796
13.1000,4.285700,2.566038,2.000000,1.570796
13.2000,4.285700,2.641509,2.000000,1.570796
13.3000,4.285700,2.716981,2.000000,1.570796
13.4000,4.285700,2.792453,2.000000,1.570796
13.5000,4.285700,2.867925,2.000000,1.570796
13.6000,4.285700,2.943396,2.000000,1.570796
13.7000,4.285700,3.018868,2.000000,1.570796
13.8000,4.285700,3.094340,2.000000,1.570796
13.9000,4.285700,3.169811,2.000000,1.570796
14.0000,4.285700,3.245283,2.000000,1.570796
14.1000,4.285700,3.320755,2.000000,1.570796
14.2000,4.285700,3.396226,2.000000,1.570796
14.3000,4.285700,3.471698,2.000000,1.570796
14.4000,4.285700,3.547170,2.000000,1.570796
14.5000,4.285700,3.622642,2.000000,1.570796
14.6000,4.285700,3.698113,2.000000,1.570796
14.7000,4.285700,3.773585,2.000000,1.570796
14.8000,4.285700,3.849057,2.000000,1.570796
14.9000,4.285700,3.924528,2.000000,1.570796
15.0000,4.285700,4.000000,2.000000,1.570796
15.1000,4.285700,4.000000,2.000000,1.570796
15.2000,4.285700,4.000000,2.000000,1.570796
15.3000,4.285700,4.000000,2.000000,1.570796
15.4000,4.285700,4.000000,2.000000,1.570796
15.5000,4.285700,4.000000,2.000000,1.570796
15.6000,4.285700,4.000000,2.000000,1.570796
15.7000,4.285700,4.000000,2.000000,1.570796
15.8000,4.285700,4.000000,2.000000,1.570796
15.9000,4.285700,4.000000,2.000000,1.570796
16.0000,4.285700,4.000000,2.000000,1.570796
16.1000,4.285700,4.000000,2.000000,1.570796
16.2000,4.285700,4.000000,2.000000,1.570796
16.3000,4.285700,4.000000,2.000000,1.570796
16.4000,4.285700,4.000000,2.000000,1.570796
16.5000,4.285700,4.000000,2.000000,1.570796
16.6000,4.285700,4.000000,2.000000,1.570796
16.7000,4.285700,4.000000,2.000000,1.570796
16.8000,4.285700,4.000000,2.000000,1.570796
16.9000,4.285700,4.000000,2.000000,1.570796
17.0000,4.285700,4.000000,2.000000,1.570796
17.1000,4.285700,4.075000,2.000000,1.570796
17.2000,4.285700,4.150000,2.000000,1.570796
17.3000,4.285700,4.225000,2.000000,1.570796
17.4000,4.285700,4.300000,2.000000,1.570796
17.5000,4.285700,4.375000,2.000000,1.570796
17.6000,4.285700,4.450000,2.000000,1.570796
17.7000,4.285700,4.525000,2.000000,1.570796
17.8000,4.285700,4.600000,2.000000,1.570796
17.9000,4.285700,4.675000,2.000000,1.570796
18.0000,4.285700,4.750000,2.000000,1.570796
18.1000,4.285700,4.825000,2.000000,1.570796
18.2000,4.285700,4.900000,2.000000,1.570796
18.3000,4.285700,4.975000,2.000000,1.570796
18.4000,4.285700,5.050000,2.000000,1.570796
18.5000,4.285700,5.125000,2.000000,1.570796
18.6000,4.285700,5.200000,2.000000,1.570796
18.7000,4.285700,5.275000,2.000000,1.570796
18.8000,4.285700,5.350000,2.000000,1.570796
18.9000,4.285700,5.425000,2.000000,1.570796
19.0000,4.285700,5.500000,2.000000,1.570796
19.1000,4.285700,5.575000,2.000000,1.570796
19.2000,4.285700,5.650000,2.000000,1.570796
19.3000,4.285700,5.725000,2.000000,1.570796
19.4000,4.285700,5.800000,2.000000,1.570796
19.5000,4.285700,5.875000,2.000000,1.570796
19.6000,4.285700,5.950000,2.000000,1.570796
19.7000,4.285700,6.025000,2.000000,1.570796
19.8000,4.285700,6.100000,2.000000,1.570796
19.9000,4.285700,6.175000,2.000000,1.570796
20.0000,4.285700,6.250000,2.000000,1.570796
20.1000,4.285700,6.325000,2.000000,1.570796
20.2000,4.285700,6.400000,2.000000,1.570796
20.3000,4.285700,6.475000,2.000000,1.570796
20.4000,4.285700,6.550000,2.000000,1.570796
20.5000,4.285700,6.625000,2.000000,1.570796
20.6000,4.285700,6.700000,2.000000,1.570796
20.7000,4.285700,6.775000,2.000000,1.570796
20.8000,4.285700,6.850000,2.000000,1.570796
20.9000,4.285700,6.925000,2.000000,1.570796
21.0000,4.285700,7.000000,2.000000,1.570796
21.1000,4.285700,7.075000,2.000000,1.570796
21.2000,4.285700,7.150000,2.000000,1.570796
21.3000,4.285700,7.225000,2.000000,1.570796
21.4000,4.285700,7.300000,2.000000,1.570796
21.5000,4.285700,7.375000,2.000000,1.570796
21.6000,4.285700,7.450000,2.000000,1.570796
21.7000,4.285700,7.525000,2.000000,1.570796
21.8000,4.285700,7.600000,2.000000,1.570796
21.9000,4.285700,7.675000,2.000000,1.570796
22.0000,4.285700,7.750000,2.000000,1.570796
22.1000,4.285700,7.825000,2.000000,1.570796
22.2000,4.285700,7.900000,2.000000,1.570796
22.3000,4.285700,7.975000,2.000000,1.570796
22.4000,4.285700,8.050000,2.000000,1.570796
22.5000,4.285700,8.125000,2.000000,1.570796
22.6000,4.285700,8.200000,2.000000,1.570796
22.7000,4.285700,8.275000,2.000000,1.570796
22.8000,4.285700,8.350000,2.000000,1.570796
22.9000,4.285700,8.425000,2.000000,1.570796
23.0000,4.285700,8.500000,2.000000,1.570796
23.1000,4.285700,8.575000,2.000000,1.570796
23.2000,4.285700,8.650000,2.000000,1.570796
23.3000,4.285700,8.725000,2.000000,1.570796
23.4000,4.285700,8.800000,2.000000,1.570796
23.5000,4.285700,8.875000,2.000000,1.570796
23.6000,4.285700,8.950000,2.000000,1.570796
23.7000,4.285700,9.025000,2.000000,1.570796
23.8000,4.285700,9.100000,2.000000,1.570796
23.9000,4.285700,9.175000,2.000000,1.570796
24.0000,4.285700,9.250000,2.000000,1.570796
24.1000,4.285700,9.325000,2.000000,1.570796
24.2000,4.285700,9.400000,2.000000,1.570796
24.3000,4.285700,9.475000,2.000000,1.570796
24.4000,4.285700,9.550000,2.000000,1.570796
24.5000,4.285700,9.625000,2.000000,1.570796
24.6000,4.285700,9.700000,2.000000,1.570796
24.7000,4.285700,9.775000,2.000000,1.570796
24.8000,4.285700,9.850000,2.000000,1.570796
24.9000,4.285700,9.925000,2.000000,1.570796
25.0000,4.285700,10.000000,2.000000,1.570796
25.1000,4.285700,10.075000,2.000000,1.570796
25.2000,4.285700,10.150000,2.000000,1.570796
25.3000,4.285700,10.225000,2.000000,1.570796
25.4000,4.285700,10.300000,2.000000,1.570796
25.5000,4.285700,10.375000,2.000000,1.570796
25.6000,4.285700,10.450000,2.000000,1.570796
25.7000,4.285700,10.525000,2.000000,1.570796
25.8000,4.285700,10.600000,2.000000,1.570796
25.9000,4.285700,10.675000,2.000000,1.570796
26.0000,4.285700,10.750000,2.000000,1.570796
26.1000,4.285700,10.825000,2.000000,1.570796
26.2000,4.285700,10.900000,2.000000,1.570796
26.3000,4.285700,10.975000,2.000000,1.570796
26.4000,4.285700,11.050000,2.000000,1.570796
26.5000,4.285700,11.125000,2.000000,1.570796
26.6000,4.285700,11.200000,2.000000,1.570796
26.7000,4.285700,11.275000,2.000000,1.570796
26.8000,4.285700,11.350000,2.000000,1.570796
26.9000,4.285700,11.425000,2.000000,1.570796
27.0000,4.285700,11.500000,2.000000,1.570796
27.1000,4.285700,11.575000,2.000000,1.570796
27.2000,4.285700,11.650000,2.000000,1.570796
27.3000,4.285700,11.725000,2.000000,1.570796
27.4000,4.285700,11.800000,2.000000,1.570796
27.5000,4.285700,11.875000,2.000000,1.570796
27.6000,4.285700,11.950000,2.000000,1.570796
27.7000,4.285700,12.025000,2.000000,1.570796
27.8000,4.285700,12.100000,2.000000,1.570796
27.9000,4.285700,12.175000,2.000000,1.570796
28.0000,4.285700,12.250000,2.000000,1.570796
28.1000,4.285700,12.325000,2.000000,1.570796
28.2000,4.285700,12.400000,2.000000,1.570796
28.3000,4.285700,12.475000,2.000000,1.570796
28.4000,4.285700,12.550000,2.000000,1.570796
28.5000,4.285700,12.625000,2.000000,1.570796
28.6000,4.285700,12.700000,2.000000,1.570796
28.7000,4.285700,12.775000,2.000000,1.570796
28.8000,4.285700,12.850000,2.000000,1.570796
28.9000,4.285700,12.925000,2.000000,1.570796
29.0000,4.285700,13.000000,2.000000,1.570796
29.1000,4.285700,13.075000,2.000000,1.570796
29.2000,4.285700,13.150000,2.000000,1.570796
29.3000,4.285700,13.225000,2.000000,1.570796
29.4000,4.285700,13.300000,2.000000,1.570796
29.5000,4.285700,13.375000,2.000000,1.570796
29.6000,4.285700,13.450000,2.000000,1.570796
29.7000,4.285700,13.525000,2.000000,1.570796
29.8000,4.285700,13.600000,2.000000,1.570796
29.9000,4.285700,13.675000,2.000000,1.570796
30.0000,4.285700,13.750000,2.000000,1.570796
30.1000,4.285700,13.825000,2.000000,1.570796
30.2000,4.285700,13.900000,2.000000,1.570796
30.3000,4.285700,13.975000,2.000000,1.570796
30.4000,4.285700,14.050000,2.000000,1.570796
30.5000,4.285700,14.125000,2.000000,1.570796
30.6000,4.285700,14.200000,2.000000,1.570796
30.7000,4.285700,14.275000,2.000000,1.570796
30.8000,4.285700,14.350000,2.000000,1.570796
30.9000,4.285700,14.425000,2.000000,1.570796
31.0000,4.285700,14.500000,2.000000,1.570796
31.1000,4.285700,14.575000,2.000000,1.570796
31.2000,4.285700,14.650000,2.000000,1.570796
31.3000,4.285700,14.725000,2.000000,1.570796
31.4000,4.285700,14.800000,2.000000,1.570796
31.5000,4.285700,14.875000,2.000000,1.570796
31.6000,4.285700,14.950000,2.000000,1.570796
31.7000,4.285700,15.025000,2.000000,1.570796
31.8000,4.285700,15.100000,2.000000,1.570796
31.9000,4.285700,15.175000,2.000000,1.570796
32.0000,4.285700,15.250000,2.000000,1.570796
32.1000,4.285700,15.325000,2.000000,1.570796
32.2000,4.285700,15.400000,2.000000,1.570796
32.3000,4.285700,15.475000,2.000000,1.570796
32.4000,4.285700,15.550000,2.000000,1.570796
32.5000,4.285700,15.625000,2.000000,1.570796
32.6000,4.285700,15.700000,2.000000,1.570796
32.7000,4.285700,15.775000,2.000000,1.570796
32.8000,4.285700,15.850000,2.000000,1.570796
32.9000,4.285700,15.925000,2.000000,1.570796
33.0000,4.285700,16.000000,2.000000,1.570796
33.1000,4.285700,16.000000,2.000000,1.570796
33.2000,4.285700,16.000000,2.000000,1.570796
33.3000,4.285700,16.000000,2.000000,1.570796
33.4000,4.285700,16.000000,2.000000,1.570796
33.5000,4.285700,16.000000,2.000000,1.570796
33.6000,4.285700,16.000000,2.000000,1.570796
33.7000,4.285700,16.000000,2.000000,1.570796
33.8000,4.285700,16.000000,2.000000,1.570796
33.9000,4.285700,16.000000,2.000000,1.570796
34.0000,4.285700,16.000000,2.000000,1.570796
34.1000,4.285700,16.000000,2.000000,1.570796
34.2000,4.285700,16.000000,2.000000,1.570796
34.3000,4.285700,16.000000,2.000000,1.570796
34.4000,4.285700,16.000000,2.000000,1.570796
34.5000,4.285700,16.000000,2.000000,1.570796
34.6000,4.285700,16.000000,2.000000,1.570796
34.7000,4.285700,16.000000,2.000000,1.570796
34.8000,4.285700,16.000000,2.000000,1.570796
34.9000,4.285700,16.000000,2.000000,1.570796
35.0000,4.285700,16.000000,2.000000,1.570796
35.1000,4.360625,16.000000,2.000000,0.000000
35.2000,4.435550,16.000000,2.000000,0.000000
35.3000,4.510476,16.000000,2.000000,0.000000
35.4000,4.585401,16.000000,2.000000,0.000000
35.5000,4.660326,16.000000,2.000000,0.000000
35.6000,4.735251,16.000000,2.000000,0.000000
35.7000,4.810176,16.000000,2.000000,0.000000
35.8000,4.885101,16.000000,2.000000,0.000000
35.9000,4.960027,16.000000,2.000000,0.000000
36.0000,5.034952,16.000000,2.000000,0.000000
36.1000,5.109877,16.000000,2.000000,0.000000
36.2000,5.184802,16.000000,2.000000,0.000000
36.3000,5.259727,16.000000,2.000000,0.000000
36.4000,5.334652,16.000000,2.000000,0.000000
36.5000,5.409578,16.000000,2.000000,0.000000
36.6000,5.484503,16.000000,2.000000,0.000000
36.7000,5.559428,16.000000,2.000000,0.000000
36.8000,5.634353,16.000000,2.000000,0.000000
36.9000,5.709278,16.000000,2.000000,0.000000
37.0000,5.784203,16.000000,2.000000,0.000000
37.1000,5.859129,16.000000,2.000000,0.000000
37.2000,5.934054,16.000000,2.000000,0.000000
37.3000,6.008979,16.000000,2.000000,0.000000
37.4000,6.083904,16.000000,2.000000,0.000000
37.5000,6.158829,16.000000,2.000000,0.000000
37.6000,6.233755,16.000000,2.000000,0.000000
37.7000,6.308680,16.000000,2.000000,0.000000
37.8000,6.383605,16.000000,2.000000,0.000000
37.9000,6.458530,16.000000,2.000000,0.000000
38.0000,6.533455,16.000000,2.000000,0.000000
38.1000,6.608380,16.000000,2.000000,0.000000
38.2000,6.683306,16.000000,2.000000,0.000000
38.3000,6.758231,16.000000,2.000000,0.000000
38.4000,6.833156,16.000000,2.000000,0.000000
38.5000,6.908081,16.000000,2.000000,0.000000
38.6000,6.983006,16.000000,2.000000,0.000000
38.7000,7.057931,16.000000,2.000000,0.000000
38.8000,7.132857,16.000000,2.000000,0.000000
38.9000,7.207782,16.000000,2.000000,0.000000
39.0000,7.282707,16.000000,2.000000,0.000000
39.1000,7.357632,16.000000,2.000000,0.000000
39.2000,7.432557,16.000000,2.000000,0.000000
39.3000,7.507483,16.000000,2.000000,0.000000
39.4000,7.582408,16.000000,2.000000,0.000000
39.5000,7.657333,16.000000,2.000000,0.000000
39.6000,7.732258,16.000000,2.000000,0.000000
39.7000,7.807183,16.000000,2.000000,0.000000
39.8000,7.882108,16.000000,2.000000,0.000000
39.9000,7.957034,16.000000,2.000000,0.000000
40.0000,8.031959,16.000000,2.000000,0.000000
40.1000,8.106884,16.000000,2.000000,0.000000
40.2000,8.181809,16.000000,2.000000,0.000000
40.3000,8.256734,16.000000,2.000000,0.000000
40.4000,8.331659,16.000000,2.000000,0.000000
40.5000,8.406585,16.000000,2.000000,0.000000
40.6000,8.481510,16.000000,2.000000,0.000000
40.7000,8.556435,16.000000,2.000000,0.000000
40.8000,8.631360,16.000000,2.000000,0.000000
40.9000,8.706285,16.000000,2.000000,0.000000
41.0000,8.781210,16.000000,2.000000,0.000000
41.1000,8.856136,16.000000,2.000000,0.000000
41.2000,8.931061,16.000000,2.000000,0.000000
41.3000,9.005986,16.000000,2.000000,0.000000
41.4000,9.080911,16.000000,2.000000,0.000000
41.5000,9.155836,16.000000,2.000000,0.000000
41.6000,9.230762,16.000000,2.000000,0.000000
41.7000,9.305687,16.000000,2.000000,0.000000
41.8000,9.380612,16.000000,2.000000,0.000000
41.9000,9.455537,16.000000,2.000000,0.000000
42.0000,9.530462,16.000000,2.000000,0.000000
42.1000,9.605387,16.000000,2.000000,0.000000
42.2000,9.680313,16.000000,2.000000,0.000000
42.3000,9.755238,16.000000,2.000000,0.000000
42.4000,9.830163,16.000000,2.000000,0.000000
42.5000,9.905088,16.000000,2.000000,0.000000
42.6000,9.980013,16.000000,2.000000,0.000000
42.7000,10.054938,16.000000,2.000000,0.000000
42.8000,10.129864,16.000000,2.000000,0.000000
42.9000,10.204789,16.000000,2.000000,0.000000
43.0000,10.279714,16.000000,2.000000,0.000000
43.1000,10.354639,16.000000,2.000000,0.000000
43.2000,10.429564,16.000000,2.000000,0.000000
43.3000,10.504490,16.000000,2.000000,0.000000
43.4000,10.579415,16.000000,2.000000,0.000000
43.5000,10.654340,16.000000,2.000000,0.000000
43.6000,10.729265,16.000000,2.000000,0.000000
43.7000,10.804190,16.000000,2.000000,0.000000
43.8000,10.879115,16.000000,2.000000,0.000000
43.9000,10.954041,16.000000,2.000000,0.000000
44.0000,11.028966,16.000000,2.000000,0.000000
44.1000,11.103891,16.000000,2.000000,0.000000
44.2000,11.178816,16.000000,2.000000,0.000000
44.3000,11.253741,16.000000,2.000000,0.000000
44.4000,11.328666,16.000000,2.000000,0.000000
44.5000,11.403592,16.000000,2.000000,0.000000
44.6000,11.478517,16.000000,2.000000,0.000000
44.7000,11.553442,16.000000,2.000000,0.000000
44.8000,11.628367,16.000000,2.000000,0.000000
44.9000,11.703292,16.000000,2.000000,0.000000
45.0000,11.778217,16.000000,2.000000,0.000000
45.1000,11.853143,16.000000,2.000000,0.000000
45.2000,11.928068,16.000000,2.000000,0.000000
45.3000,12.002993,16.000000,2.000000,0.000000
45.4000,12.077918,16.000000,2.000000,0.000000
45.5000,12.152843,16.000000,2.000000,0.000000
45.6000,12.227769,16.000000,2.000000,0.000000
45.7000,12.302694,16.000000,2.000000,0.000000
45.8000,12.377619,16.000000,2.000000,0.000000
45.9000,12.452544,16.000000,2.000000,0.000000
46.0000,12.527469,16.000000,2.000000,0.000000
46.1000,12.602394,16.000000,2.000000,0.000000
46.2000,12.677320,16.000000,2.000000,0.000000
46.3000,12.752245,16.000000,2.000000,0.000000
46.4000,12.827170,16.000000,2.000000,0.000000
46.5000,12.902095,16.000000,2.000000,0.000000
46.6000,12.977020,16.000000,2.000000,0.000000
46.7000,13.051945,16.000000,2.000000,0.000000
46.8000,13.126871,16.000000,2.000000,0.000000
46.9000,13.201796,16.000000,2.000000,0.000000
47.0000,13.276721,16.000000,2.000000,0.000000
47.1000,13.351646,16.000000,2.000000,0.000000
47.2000,13.426571,16.000000,2.000000,0.000000
47.3000,13.501497,16.000000,2.000000,0.000000
47.4000,13.576422,16.000000,2.000000,0.000000
47.5000,13.651347,16.000000,2.000000,0.000000
47.6000,13.726272,16.000000,2.000000,0.000000
47.7000,13.801197,16.000000,2.000000,0.000000
47.8000,13.876122,16.000000,2.000000,0.000000
47.9000,13.951048,16.000000,2.000000,0.000000
48.0000,14.025973,16.000000,2.000000,0.000000
48.1000,14.100898,16.000000,2.000000,0.000000
48.2000,14.175823,16.000000,2.000000,0.000000
48.3000,14.250748,16.000000,2.000000,0.000000
48.4000,14.325673,16.000000,2.000000,0.000000
48.5000,14.400599,16.000000,2.000000,0.000000
48.6000,14.475524,16.000000,2.000000,0.000000
48.7000,14.550449,16.000000,2.000000,0.000000
48.8000,14.625374,16.000000,2.000000,0.000000
48.9000,14.700299,16.000000,2.000000,0.000000
49.0000,14.775224,16.000000,2.000000,0.000000
49.1000,14.850150,16.000000,2.000000,0.000000
49.2000,14.925075,16.000000,2.000000,0.000000
49.3000,15.000000,16.000000,2.000000,0.000000
49.4000,15.074925,16.000000,2.000000,0.000000
49.5000,15.149850,16.000000,2.000000,0.000000
49.6000,15.224776,16.000000,2.000000,0.000000
49.7000,15.299701,16.000000,2.000000,0.000000
49.8000,15.374626,16.000000,2.000000,0.000000
49.9000,15.449551,16.000000,2.000000,0.000000
50.0000,15.524476,16.000000,2.000000,0.000000
50.1000,15.599401,16.000000,2.000000,0.000000
50.2000,15.674327,16.000000,2.000000,0.000000
50.3000,15.749252,16.000000,2.000000,0.000000
50.4000,15.824177,16.000000,2.000000,0.000000
50.5000,15.899102,16.000000,2.000000,0.000000
50.6000,15.974027,16.000000,2.000000,0.000000
50.7000,16.048952,16.000000,2.000000,0.000000
50.8000,16.123878,16.000000,2.000000,0.000000
50.9000,16.198803,16.000000,2.000000,0.000000
51.0000,16.273728,16.000000,2.000000,0.000000
51.1000,16.348653,16.000000,2.000000,0.000000
51.2000,16.423578,16.000000,2.000000,0.000000
51.3000,16.498503,16.000000,2.000000,0.000000
51.4000,16.573429,16.000000,2.000000,0.000000
51.5000,16.648354,16.000000,2.000000,0.000000
51.6000,16.723279,16.000000,2.000000,0.000000
51.7000,16.798204,16.000000,2.000000,0.000000
51.8000,16.873129,16.000000,2.000000,0.000000
51.9000,16.948055,16.000000,2.000000,0.000000
52.0000,17.022980,16.000000,2.000000,0.000000
52.1000,17.097905,16.000000,2.000000,0.000000
52.2000,17.172830,16.000000,2.000000,0.000000
52.3000,17.247755,16.000000,2.000000,0.000000
52.4000,17.322680,16.000000,2.000000,0.000000
52.5000,17.397606,16.000000,2.000000,0.000000
52.6000,17.472531,16.000000,2.000000,0.000000
52.7000,17.547456,16.000000,2.000000,0.000000
52.8000,17.622381,16.000000,2.000000,0.000000
52.9000,17.697306,16.000000,2.000000,0.000000
53.0000,17.772231,16.000000,2.000000,0.000000
53.1000,17.847157,16.000000,2.000000,0.000000
53.2000,17.922082,16.000000,2.000000,0.000000
53.3000,17.997007,16.000000,2.000000,0.000000
53.4000,18.071932,16.000000,2.000000,0.000000
53.5000,18.146857,16.000000,2.000000,0.000000
53.6000,18.221783,16.000000,2.000000,0.000000
53.7000,18.296708,16.000000,2.000000,0.000000
53.8000,18.371633,16.000000,2.000000,0.000000
53.9000,18.446558,16.000000,2.000000,0.000000
54.0000,18.521483,16.000000,2.000000,0.000000
54.1000,18.596408,16.000000,2.000000,0.000000
54.2000,18.671334,16.000000,2.000000,0.000000
54.3000,18.746259,16.000000,2.000000,0.000000
54.4000,18.821184,16.000000,2.000000,0.000000
54.5000,18.896109,16.000000,2.000000,0.000000
54.6000,18.971034,16.000000,2.000000,0.000000
54.7000,19.045959,16.000000,2.000000,0.000000
54.8000,19.120885,16.000000,2.000000,0.000000
54.9000,19.195810,16.000000,2.000000,0.000000
55.0000,19.270735,16.000000,2.000000,0.000000
55.1000,19.345660,16.000000,2.000000,0.000000
55.2000,19.420585,16.000000,2.000000,0.000000
55.3000,19.495510,16.000000,2.000000,0.000000
55.4000,19.570436,16.000000,2.000000,0.000000
55.5000,19.645361,16.000000,2.000000,0.000000
55.6000,19.720286,16.000000,2.000000,0.000000
55.7000,19.795211,16.000000,2.000000,0.000000
55.8000,19.870136,16.000000,2.000000,0.000000
55.9000,19.945062,16.000000,2.000000,0.000000
56.0000,20.019987,16.000000,2.000000,0.000000
56.1000,20.094912,16.000000,2.000000,0.000000
56.2000,20.169837,16.000000,2.000000,0.000000
56.3000,20.244762,16.000000,2.000000,0.000000
56.4000,20.319687,16.000000,2.000000,0.000000
56.5000,20.394613,16.000000,2.000000,0.000000
56.6000,20.469538,16.000000,2.000000,0.000000
56.7000,20.544463,16.000000,2.000000,0.000000
56.8000,20.619388,16.000000,2.000000,0.000000
56.9000,20.694313,16.000000,2.000000,0.000000
57.0000,20.769238,16.000000,2.000000,0.000000
57.1000,20.844164,16.000000,2.000000,0.000000
57.2000,20.919089,16.000000,2.000000,0.000000
57.3000,20.994014,16.000000,2.000000,0.000000
57.4000,21.068939,16.000000,2.000000,0.000000
57.5000,21.143864,16.000000,2.000000,0.000000
57.6000,21.218790,16.000000,2.000000,0.000000
57.7000,21.293715,16.000000,2.000000,0.000000
57.8000,21.368640,16.000000,2.000000,0.000000
57.9000,21.443565,16.000000,2.000000,0.000000
58.0000,21.518490,16.000000,2.000000,0.000000
58.1000,21.593415,16.000000,2.000000,0.000000
58.2000,21.668341,16.000000,2.000000,0.000000
58.3000,21.743266,16.000000,2.000000,0.000000
58.4000,21.818191,16.000000,2.000000,0.000000
58.5000,21.893116,16.000000,2.000000,0.000000
58.6000,21.968041,16.000000,2.000000,0.000000
58.7000,22.042966,16.000000,2.000000,0.000000
58.8000,22.117892,16.000000,2.000000,0.000000
58.9000,22.192817,16.000000,2.000000,0.000000
59.0000,22.267742,16.000000,2.000000,0.000000
59.1000,22.342667,16.000000,2.000000,0.000000
59.2000,22.417592,16.000000,2.000000,0.000000
59.3000,22.492517,16.000000,2.000000,0.000000
59.4000,22.567443,16.000000,2.000000,0.000000
59.5000,22.642368,16.000000,2.000000,0.000000
59.6000,22.717293,16.000000,2.000000,0.000000
59.7000,22.792218,16.000000,2.000000,0.000000
59.8000,22.867143,16.000000,2.000000,0.000000
59.9000,22.942069,16.000000,2.000000,0.000000
60.0000,23.016994,16.000000,2.000000,0.000000
60.1000,23.091919,16.000000,2.000000,0.000000
60.2000,23.166844,16.000000,2.000000,0.000000
60.3000,23.241769,16.000000,2.000000,0.000000
60.4000,23.316694,16.000000,2.000000,0.000000
60.5000,23.391620,16.000000,2.000000,0.000000
60.6000,23.466545,16.000000,2.000000,0.000000
60.7000,23.541470,16.000000,2.000000,0.000000
60.8000,23.616395,16.000000,2.000000,0.000000
60.9000,23.691320,16.000000,2.000000,0.000000
61.0000,23.766245,16.000000,2.000000,0.000000
61.1000,23.841171,16.000000,2.000000,0.000000
61.2000,23.916096,16.000000,2.000000,0.000000
61.3000,23.991021,16.000000,2.000000,0.000000
61.4000,24.065946,16.000000,2.000000,0.000000
61.5000,24.140871,16.000000,2.000000,0.000000
61.6000,24.215797,16.000000,2.000000,0.000000
61.7000,24.290722,16.000000,2.000000,0.000000
61.8000,24.365647,16.000000,2.000000,0.000000
61.9000,24.440572,16.000000,2.000000,0.000000
62.0000,24.515497,16.000000,2.000000,0.000000
62.1000,24.590422,16.000000,2.000000,0.000000
62.2000,24.665348,16.000000,2.000000,0.000000
62.3000,24.740273,16.000000,2.000000,0.000000
62.4000,24.815198,16.000000,2.000000,0.000000
62.5000,24.890123,16.000000,2.000000,0.000000
62.6000,24.965048,16.000000,2.000000,0.000000
62.7000,25.039973,16.000000,2.000000,0.000000
62.8000,25.114899,16.000000,2.000000,0.000000
62.9000,25.189824,16.000000,2.000000,0.000000
63.0000,25.264749,16.000000,2.000000,0.000000
63.1000,25.339674,16.000000,2.000000,0.000000
63.2000,25.414599,16.000000,2.000000,0.000000
63.3000,25.489524,16.000000,2.000000,0.000000
63.4000,25.564450,16.000000,2.000000,0.000000
63.5000,25.639375,16.000000,2.000000,0.000000
63.6000,25.714300,16.000000,2.000000,0.000000
63.7000,25.714300,15.925000,2.000000,-1.570796
63.8000,25.714300,15.850000,2.000000,-1.570796
63.9000,25.714300,15.775000,2.000000,-1.570796
64.0000,25.714300,15.700000,2.000000,-1.570796
64.1000,25.714300,15.625000,2.000000,-1.570796
64.2000,25.714300,15.550000,2.000000,-1.570796
64.3000,25.714300,15.475000,2.000000,-1.570796
64.4000,25.714300,15.400000,2.000000,-1.570796
64.5000,25.714300,15.325000,2.000000,-1.570796
64.6000,25.714300,15.250000,2.000000,-1.570796
64.7000,25.714300,15.175000,2.000000,-1.570796
64.8000,25.714300,15.100000,2.000000,-1.570796
64.9000,25.714300,15.025000,2.000000,-1.570796
65.0000,25.714300,14.950000,2.000000,-1.570796
65.1000,25.714300,14.875000,2.000000,-1.570796
65.2000,25.714300,14.800000,2.000000,-1.570796
65.3000,25.714300,14.725000,2.000000,-1.570796
65.4000,25.714300,14.650000,2.000000,-1.570796
65.5000,25.714300,14.575000,2.000000,-1.570796
65.6000,25.714300,14.500000,2.000000,-1.570796
65.7000,25.714300,14.425000,2.000000,-1.570796
65.8000,25.714300,14.350000,2.000000,-1.570796
65.9000,25.714300,14.275000,2.000000,-1.570796
66.0000,25.714300,14.200000,2.000000,-1.570796
66.1000,25.714300,14.125000,2.000000,-1.570796
66.2000,25.714300,14.050000,2.000000,-1.570796
66.3000,25.714300,13.975000,2.000000,-1.570796
66.4000,25.714300,13.900000,2.000000,-1.570796
66.5000,25.714300,13.825000,2.000000,-1.570796
66.6000,25.714300,13.750000,2.000000,-1.570796
66.7000,25.714300,13.675000,2.000000,-1.570796
66.8000,25.714300,13.600000,2.000000,-1.570796
66.9000,25.714300,13.525000,2.000000,-1.570796
67.0000,25.714300,13.450000,2.000000,-1.570796
67.1000,25.714300,13.375000,2.000000,-1.570796
67.2000,25.714300,13.300000,2.000000,-1.570796
67.3000,25.714300,13.225000,2.000000,-1.570796
67.4000,25.714300,13.150000,2.000000,-1.570796
67.5000,25.714300,13.075000,2.000000,-1.570796
67.6000,25.714300,13.000000,2.000000,-1.570796
67.7000,25.714300,12.925000,2.000000,-1.570796
67.8000,25.714300,12.850000,2.000000,-1.570796
67.9000,25.714300,12.775000,2.000000,-1.570796
68.0000,25.714300,12.700000,2.000000,-1.570796
68.1000,25.714300,12.625000,2.000000,-1.570796
68.2000,25.714300,12.550000,2.000000,-1.570796
68.3000,25.714300,12.475000,2.000000,-1.570796
68.4000,25.714300,12.400000,2.000000,-1.570796
68.5000,25.714300,12.325000,2.000000,-1.570796
68.6000,25.714300,12.250000,2.000000,-1.570796
68.7000,25.714300,12.175000,2.000000,-1.570796
68.8000,25.714300,12.100000,2.000000,-1.570796
68.9000,25.714300,12.025000,2.000000,-1.570796
69.0000,25.714300,11.950000,2.000000,-1.570796
69.1000,25.714300,11.875000,2.000000,-1.570796
69.2000,25.714300,11.800000,2.000000,-1.570796
69.3000,25.714300,11.725000,2.000000,-1.570796
69.4000,25.714300,11.650000,2.000000,-1.570796
69.5000,25.714300,11.575000,2.000000,-1.570796
69.6000,25.714300,11.500000,2.000000,-1.570796
69.7000,25.714300,11.425000,2.000000,-1.570796
69.8000,25.714300,11.350000,2.000000,-1.570796
69.9000,25.714300,11.275000,2.000000,-1.570796
70.0000,25.714300,11.200000,2.000000,-1.570796
70.1000,25.714300,11.125000,2.000000,-1.570796
70.2000,25.714300,11.050000,2.000000,-1.570796
70.3000,25.714300,10.975000,2.000000,-1.570796
70.4000,25.714300,10.900000,2.000000,-1.570796
70.5000,25.714300,10.825000,2.000000,-1.570796
70.6000,25.714300,10.750000,2.000000,-1.570796
70.7000,25.714300,10.675000,2.000000,-1.570796
70.8000,25.714300,10.600000,2.000000,-1.570796
70.9000,25.714300,10.525000,2.000000,-1.570796
71.0000,25.714300,10.450000,2.000000,-1.570796
71.1000,25.714300,10.375000,2.000000,-1.570796
71.2000,25.714300,10.300000,2.000000,-1.570796
71.3000,25.714300,10.225000,2.000000,-1.570796
71.4000,25.714300,10.150000,2.000000,-1.570796
71.5000,25.714300,10.075000,2.000000,-1.570796
71.6000,25.714300,10.000000,2.000000,-1.570796
71.7000,25.714300,9.925000,2.000000,-1.570796
71.8000,25.714300,9.850000,2.000000,-1.570796
71.9000,25.714300,9.775000,2.000000,-1.570796
72.0000,25.714300,9.700000,2.000000,-1.570796
72.1000,25.714300,9.625000,2.000000,-1.570796
72.2000,25.714300,9.550000,2.000000,-1.570796
72.3000,25.714300,9.475000,2.000000,-1.570796
72.4000,25.714300,9.400000,2.000000,-1.570796
72.5000,25.714300,9.325000,2.000000,-1.570796
72.6000,25.714300,9.250000,2.000000,-1.570796
72.7000,25.714300,9.175000,2.000000,-1.570796
72.8000,25.714300,9.100000,2.000000,-1.570796
72.9000,25.714300,9.025000,2.000000,-1.570796
73.0000,25.714300,8.950000,2.000000,-1.570796
73.1000,25.714300,8.875000,2.000000,-1.570796
73.2000,25.714300,8.800000,2.000000,-1.570796
73.3000,25.714300,8.725000,2.000000,-1.570796
73.4000,25.714300,8.650000,2.000000,-1.570796
73.5000,25.714300,8.575000,2.000000,-1.570796
73.6000,25.714300,8.500000,2.000000,-1.570796
73.7000,25.714300,8.425000,2.000000,-1.570796
73.8000,25.714300,8.350000,2.000000,-1.570796
73.9000,25.714300,8.275000,2.000000,-1.570796
74.0000,25.714300,8.200000,2.000000,-1.570796
74.1000,25.714300,8.125000,2.000000,-1.570796
74.2000,25.714300,8.050000,2.000000,-1.570796
74.3000,25.714300,7.975000,2.000000,-1.570796
74.4000,25.714300,7.900000,2.000000,-1.570796
74.5000,25.714300,7.825000,2.000000,-1.570796
74.6000,25.714300,7.750000,2.000000,-1.570796
74.7000,25.714300,7.675000,2.000000,-1.570796
74.8000,25.714300,7.600000,2.000000,-1.570796
74.9000,25.714300,7.525000,2.000000,-1.570796
75.0000,25.714300,7.450000,2.000000,-1.570796
75.1000,25.714300,7.375000,2.000000,-1.570796
75.2000,25.714300,7.300000,2.000000,-1.570796
75.3000,25.714300,7.225000,2.000000,-1.570796
75.4000,25.714300,7.150000,2.000000,-1.570796
75.5000,25.714300,7.075000,2.000000,-1.570796
75.6000,25.714300,7.000000,2.000000,-1.570796
75.7000,25.714300,6.925000,2.000000,-1.570796
75.8000,25.714300,6.850000,2.000000,-1.570796
75.9000,25.714300,6.775000,2.000000,-1.570796
76.0000,25.714300,6.700000,2.000000,-1.570796
76.1000,25.714300,6.625000,2.000000,-1.570796
76.2000,25.714300,6.550000,2.000000,-1.570796
76.3000,25.714300,6.475000,2.000000,-1.570796
76.4000,25.714300,6.400000,2.000000,-1.570796
76.5000,25.714300,6.325000,2.000000,-1.570796
76.6000,25.714300,6.250000,2.000000,-1.570796
76.7000,25.714300,6.175000,2.000000,-1.570796
76.8000,25.714300,6.100000,2.000000,-1.570796
76.9000,25.714300,6.025000,2.000000,-1.570796
77.0000,25.714300,5.950000,2.000000,-1.570796
77.1000,25.714300,5.875000,2.000000,-1.570796
77.2000,25.714300,5.800000,2.000000,-1.570796
77.3000,25.714300,5.725000,2.000000,-1.570796
77.4000,25.714300,5.650000,2.000000,-1.570796
77.5000,25.714300,5.575000,2.000000,-1.570796
77.6000,25.714300,5.500000,2.000000,-1.570796
77.7000,25.714300,5.425000,2.000000,-1.570796
77.8000,25.714300,5.350000,2.000000,-1.570796
77.9000,25.714300,5.275000,2.000000,-1.570796
78.0000,25.714300,5.200000,2.000000,-1.570796
78.1000,25.714300,5.125000,2.000000,-1.570796
78.2000,25.714300,5.050000,2.000000,-1.570796
78.3000,25.714300,4.975000,2.000000,-1.570796
78.4000,25.714300,4.900000,2.000000,-1.570796
78.5000,25.714300,4.825000,2.000000,-1.570796
78.6000,25.714300,4.750000,2.000000,-1.570796
78.7000,25.714300,4.675000,2.000000,-1.570796
78.8000,25.714300,4.600000,2.000000,-1.570796
78.9000,25.714300,4.525000,2.000000,-1.570796
79.0000,25.714300,4.450000,2.000000,-1.570796
79.1000,25.714300,4.375000,2.000000,-1.570796
79.2000,25.714300,4.300000,2.000000,-1.570796
79.3000,25.714300,4.225000,2.000000,-1.570796
79.4000,25.714300,4.150000,2.000000,-1.570796
79.5000,25.714300,4.075000,2.000000,-1.570796
79.6000,25.714300,4.000000,2.000000,-1.570796
79.7000,25.714300,4.000000,2.000000,-1.570796
79.8000,25.714300,4.000000,2.000000,-1.570796
79.9000,25.714300,4.000000,2.000000,-1.570796
80.0000,25.714300,4.000000,2.000000,-1.570796
80.1000,25.714300,4.000000,2.000000,-1.570796
80.2000,25.714300,4.000000,2.000000,-1.570796
80.3000,25.714300,4.000000,2.000000,-1.570796
80.4000,25.714300,4.000000,2.000000,-1.570796
80.5000,25.714300,4.000000,2.000000,-1.570796
80.6000,25.714300,4.000000,2.000000,-1.570796
80.7000,25.714300,4.000000,2.000000,-1.570796
80.8000,25.714300,4.000000,2.000000,-1.570796
80.9000,25.714300,4.000000,2.000000,-1.570796
81.0000,25.714300,4.000000,2.000000,-1.570796
81.1000,25.714300,4.000000,2.000000,-1.570796
81.2000,25.714300,4.000000,2.000000,-1.570796
81.3000,25.714300,4.000000,2.000000,-1.570796
81.4000,25.714300,4.000000,2.000000,-1.570796
81.5000,25.714300,4.000000,2.000000,-1.570796
81.6000,25.714300,4.000000,2.000000,-1.570796
81.7000,25.639112,4.000000,2.000000,3.141593
81.8000,25.563923,4.000000,2.000000,3.141593
81.9000,25.488735,4.000000,2.000000,3.141593
82.0000,25.413547,4.000000,2.000000,3.141593
82.1000,25.338358,4.000000,2.000000,3.141593
82.2000,25.263170,4.000000,2.000000,3.141593
82.3000,25.187982,4.000000,2.000000,3.141593
82.4000,25.112794,4.000000,2.000000,3.141593
82.5000,25.037605,4.000000,2.000000,3.141593
82.6000,24.962417,4.000000,2.000000,3.141593
82.7000,24.887229,4.000000,2.000000,3.141593
82.8000,24.812040,4.000000,2.000000,3.141593
82.9000,24.736852,4.000000,2.000000,3.141593
83.0000,24.661664,4.000000,2.000000,3.141593
83.1000,24.586475,4.000000,2.000000,3.141593
83.2000,24.511287,4.000000,2.000000,3.141593
83.3000,24.436099,4.000000,2.000000,3.141593
83.4000,24.360911,4.000000,2.000000,3.141593
83.5000,24.285722,4.000000,2.000000,3.141593
83.6000,24.210534,4.000000,2.000000,3.141593
83.7000,24.135346,4.000000,2.000000,3.141593
83.8000,24.060157,4.000000,2.000000,3.141593
83.9000,23.984969,4.000000,2.000000,3.141593
84.0000,23.909781,4.000000,2.000000,3.141593
84.1000,23.834592,4.000000,2.000000,3.141593
84.2000,23.759404,4.000000,2.000000,3.141593
84.3000,23.684216,4.000000,2.000000,3.141593
84.4000,23.609027,4.000000,2.000000,3.141593
84.5000,23.533839,4.000000,2.000000,3.141593
84.6000,23.458651,4.000000,2.000000,3.141593
84.7000,23.383463,4.000000,2.000000,3.141593
84.8000,23.308274,4.000000,2.000000,3.141593
84.9000,23.233086,4.000000,2.000000,3.141593
85.0000,23.157898,4.000000,2.000000,3.141593
85.1000,23.082709,4.000000,2.000000,3.141593
85.2000,23.007521,4.000000,2.000000,3.141593
85.3000,22.932333,4.000000,2.000000,3.141593
85.4000,22.857144,4.000000,2.000000,3.141593
85.5000,22.781956,4.000000,2.000000,3.141593
85.6000,22.706768,4.000000,2.000000,3.141593
85.7000,22.631580,4.000000,2.000000,3.141593
85.8000,22.556391,4.000000,2.000000,3.141593
85.9000,22.481203,4.000000,2.000000,3.141593
86.0000,22.406015,4.000000,2.000000,3.141593
86.1000,22.330826,4.000000,2.000000,3.141593
86.2000,22.255638,4.000000,2.000000,3.141593
86.3000,22.180450,4.000000,2.000000,3.141593
86.4000,22.105261,4.000000,2.000000,3.141593
86.5000,22.030073,4.000000,2.000000,3.141593
86.6000,21.954885,4.000000,2.000000,3.141593
86.7000,21.879696,4.000000,2.000000,3.141593
86.8000,21.804508,4.000000,2.000000,3.141593
86.9000,21.729320,4.000000,2.000000,3.141593
87.0000,21.654132,4.000000,2.000000,3.141593
87.1000,21.578943,4.000000,2.000000,3.141593
87.2000,21.503755,4.000000,2.000000,3.141593
87.3000,21.428567,4.000000,2.000000,3.141593
87.4000,21.353378,4.000000,2.000000,3.141593
87.5000,21.278190,4.000000,2.000000,3.141593
87.6000,21.203002,4.000000,2.000000,3.141593
87.7000,21.127813,4.000000,2.000000,3.141593
87.8000,21.052625,4.000000,2.000000,3.141593
87.9000,20.977437,4.000000,2.000000,3.141593
88.0000,20.902249,4.000000,2.000000,3.141593
88.1000,20.827060,4.000000,2.000000,3.141593
88.2000,20.751872,4.000000,2.000000,3.141593
88.3000,20.676684,4.000000,2.000000,3.141593
88.4000,20.601495,4.000000,2.000000,3.141593
88.5000,20.526307,4.000000,2.000000,3.141593
88.6000,20.451119,4.000000,2.000000,3.141593
88.7000,20.375930,4.000000,2.000000,3.141593
88.8000,20.300742,4.000000,2.000000,3.141593
88.9000,20.225554,4.000000,2.000000,3.141593
89.0000,20.150365,4.000000,2.000000,3.141593
89.1000,20.075177,4.000000,2.000000,3.141593
89.2000,19.999989,4.000000,2.000000,3.141593
89.3000,19.924801,4.000000,2.000000,3.141593
89.4000,19.849612,4.000000,2.000000,3.141593
89.5000,19.774424,4.000000,2.000000,3.141593
89.6000,19.699236,4.000000,2.000000,3.141593
89.7000,19.624047,4.000000,2.000000,3.141593
89.8000,19.548859,4.000000,2.000000,3.141593
89.9000,19.473671,4.000000,2.000000,3.141593
90.0000,19.398482,4.000000,2.000000,3.141593
90.1000,19.323294,4.000000,2.000000,3.141593
90.2000,19.248106,4.000000,2.000000,3.141593
90.3000,19.172918,4.000000,2.000000,3.141593
90.4000,19.097729,4.000000,2.000000,3.141593
90.5000,19.022541,4.000000,2.000000,3.141593
90.6000,18.947353,4.000000,2.000000,3.141593
90.7000,18.872164,4.000000,2.000000,3.141593
90.8000,18.796976,4.000000,2.000000,3.141593
90.9000,18.721788,4.000000,2.000000,3.141593
91.0000,18.646599,4.000000,2.000000,3.141593
91.1000,18.571411,4.000000,2.000000,3.141593
91.2000,18.496223,4.000000,2.000000,3.141593
91.3000,18.421035,4.000000,2.000000,3.141593
91.4000,18.345846,4.000000,2.000000,3.141593
91.5000,18.270658,4.000000,2.000000,3.141593
91.6000,18.195470,4.000000,2.000000,3.141593
91.7000,18.120281,4.000000,2.000000,3.141593
91.8000,18.045093,4.000000,2.000000,3.141593
91.9000,17.969905,4.000000,2.000000,3.141593
92.0000,17.894716,4.000000,2.000000,3.141593
92.1000,17.819528,4.000000,2.000000,3.141593
92.2000,17.744340,4.000000,2.000000,3.141593
92.3000,17.669151,4.000000,2.000000,3.141593
92.4000,17.593963,4.000000,2.000000,3.141593
92.5000,17.518775,4.000000,2.000000,3.141593
92.6000,17.443587,4.000000,2.000000,3.141593
92.7000,17.368398,4.000000,2.000000,3.141593
92.8000,17.293210,4.000000,2.000000,3.141593
92.9000,17.218022,4.000000,2.000000,3.141593
93.0000,17.142833,4.000000,2.000000,3.141593
93.1000,17.067645,4.000000,2.000000,3.141593
93.2000,16.992457,4.000000,2.000000,3.141593
93.3000,16.917268,4.000000,2.000000,3.141593
93.4000,16.842080,4.000000,2.000000,3.141593
93.5000,16.766892,4.000000,2.000000,3.141593
93.6000,16.691704,4.000000,2.000000,3.141593
93.7000,16.616515,4.000000,2.000000,3.141593
93.8000,16.541327,4.000000,2.000000,3.141593
93.9000,16.466139,4.000000,2.000000,3.141593
94.0000,16.390950,4.000000,2.000000,3.141593
94.1000,16.315762,4.000000,2.000000,3.141593
94.2000,16.240574,4.000000,2.000000,3.141593
94.3000,16.165385,4.000000,2.000000,3.141593
94.4000,16.090197,4.000000,2.000000,3.141593
94.5000,16.015009,4.000000,2.000000,3.141593
94.6000,15.939820,4.000000,2.000000,3.141593
94.7000,15.864632,4.000000,2.000000,3.141593
94.8000,15.789444,4.000000,2.000000,3.141593
94.9000,15.714256,4.000000,2.000000,3.141593
95.0000,15.639067,4.000000,2.000000,3.141593
95.1000,15.563879,4.000000,2.000000,3.141593
95.2000,15.488691,4.000000,2.000000,3.141593
95.3000,15.413502,4.000000,2.000000,3.141593
95.4000,15.338314,4.000000,2.000000,3.141593
95.5000,15.263126,4.000000,2.000000,3.141593
95.6000,15.187937,4.000000,2.000000,3.141593
95.7000,15.112749,4.000000,2.000000,3.141593
95.8000,15.037561,4.000000,2.000000,3.141593
95.9000,14.962373,4.000000,2.000000,3.141593
96.0000,14.887184,4.000000,2.000000,3.141593
96.1000,14.811996,4.000000,2.000000,3.141593
96.2000,14.736808,4.000000,2.000000,3.141593
96.3000,14.661619,4.000000,2.000000,3.141593
96.4000,14.586431,4.000000,2.000000,3.141593
96.5000,14.511243,4.000000,2.000000,3.141593
96.6000,14.436054,4.000000,2.000000,3.141593
96.7000,14.360866,4.000000,2.000000,3.141593
96.8000,14.285678,4.000000,2.000000,3.141593
96.9000,14.210489,4.000000,2.000000,3.141593
97.0000,14.135301,4.000000,2.000000,3.141593
97.1000,14.060113,4.000000,2.000000,3.141593
97.2000,13.984925,4.000000,2.000000,3.141593
97.3000,13.909736,4.000000,2.000000,3.141593
97.4000,13.834548,4.000000,2.000000,3.141593
97.5000,13.759360,4.000000,2.000000,3.141593
97.6000,13.684171,4.000000,2.000000,3.141593
97.7000,13.608983,4.000000,2.000000,3.141593
97.8000,13.533795,4.000000,2.000000,3.141593
97.9000,13.458606,4.000000,2.000000,3.141593
98.0000,13.383418,4.000000,2.000000,3.141593
98.1000,13.308230,4.000000,2.000000,3.141593
98.2000,13.233042,4.000000,2.000000,3.141593
98.3000,13.157853,4.000000,2.000000,3.141593
98.4000,13.082665,4.000000,2.000000,3.141593
98.5000,13.007477,4.000000,2.000000,3.141593
98.6000,12.932288,4.000000,2.000000,3.141593
98.7000,12.857100,4.000000,2.000000,3.141593
98.8000,12.857100,4.074766,2.000000,1.570796
98.9000,12.857100,4.149533,2.000000,1.570796
99.0000,12.857100,4.224299,2.000000,1.570796
99.1000,12.857100,4.299065,2.000000,1.570796
99.2000,12.857100,4.373832,2.000000,1.570796
99.3000,12.857100,4.448598,2.000000,1.570796
99.4000,12.857100,4.523364,2.000000,1.570796
99.5000,12.857100,4.598131,2.000000,1.570796
99.6000,12.857100,4.672897,2.000000,1.570796
99.7000,12.857100,4.747664,2.000000,1.570796
99.8000,12.857100,4.822430,2.000000,1.570796
99.9000,12.857100,4.897196,2.000000,1.570796
100.0000,12.857100,4.971963,2.000000,1.570796
100.1000,12.857100,5.046729,2.000000,1.570796
100.2000,12.857100,5.121495,2.000000,1.570796
100.3000,12.857100,5.196262,2.000000,1.570796
100.4000,12.857100,5.271028,2.000000,1.570796
100.5000,12.857100,5.345794,2.000000,1.570796
100.6000,12.857100,5.420561,2.000000,1.570796
100.7000,12.857100,5.495327,2.000000,1.570796
100.8000,12.857100,5.570093,2.000000,1.570796
100.9000,12.857100,5.644860,2.000000,1.570796
101.0000,12.857100,5.719626,2.000000,1.570796
101.1000,12.857100,5.794393,2.000000,1.570796
101.2000,12.857100,5.869159,2.000000,1.570796
101.3000,12.857100,5.943925,2.000000,1.570796
101.4000,12.857100,6.018692,2.000000,1.570796
101.5000,12.857100,6.093458,2.000000,1.570796
101.6000,12.857100,6.168224,2.000000,1.570796
101.7000,12.857100,6.242991,2.000000,1.570796
101.8000,12.857100,6.317757,2.000000,1.570796
101.9000,12.857100,6.392523,2.000000,1.570796
102.0000,12.857100,6.467290,2.000000,1.570796
102.1000,12.857100,6.542056,2.000000,1.570796
102.2000,12.857100,6.616822,2.000000,1.570796
102.3000,12.857100,6.691589,2.000000,1.570796
102.4000,12.857100,6.766355,2.000000,1.570796
102.5000,12.857100,6.841121,2.000000,1.570796
102.6000,12.857100,6.915888,2.000000,1.570796
102.7000,12.857100,6.990654,2.000000,1.570796
102.8000,12.857100,7.065421,2.000000,1.570796
102.9000,12.857100,7.140187,2.000000,1.570796
103.0000,12.857100,7.214953,2.000000,1.570796
103.1000,12.857100,7.289720,2.000000,1.570796
103.2000,12.857100,7.364486,2.000000,1.570796
103.3000,12.857100,7.439252,2.000000,1.570796
103.4000,12.857100,7.514019,2.000000,1.570796
103.5000,12.857100,7.588785,2.000000,1.570796
103.6000,12.857100,7.663551,2.000000,1.570796
103.7000,12.857100,7.738318,2.000000,1.570796
103.8000,12.857100,7.813084,2.000000,1.570796
103.9000,12.857100,7.887850,2.000000,1.570796
104.0000,12.857100,7.962617,2.000000,1.570796
104.1000,12.857100,8.037383,2.000000,1.570796
104.2000,12.857100,8.112150,2.000000,1.570796
104.3000,12.857100,8.186916,2.000000,1.570796
104.4000,12.857100,8.261682,2.000000,1.570796
104.5000,12.857100,8.336449,2.000000,1.570796
104.6000,12.857100,8.411215,2.000000,1.570796
104.7000,12.857100,8.485981,2.000000,1.570796
104.8000,12.857100,8.560748,2.000000,1.570796
104.9000,12.857100,8.635514,2.000000,1.570796
105.0000,12.857100,8.710280,2.000000,1.570796
105.1000,12.857100,8.785047,2.000000,1.570796
105.2000,12.857100,8.859813,2.000000,1.570796
105.3000,12.857100,8.934579,2.000000,1.570796
105.4000,12.857100,9.009346,2.000000,1.570796
105.5000,12.857100,9.084112,2.000000,1.570796
105.6000,12.857100,9.158879,2.000000,1.570796
105.7000,12.857100,9.233645,2.000000,1.570796
105.8000,12.857100,9.308411,2.000000,1.570796
105.9000,12.857100,9.383178,2.000000,1.570796
106.0000,12.857100,9.457944,2.000000,1.570796
106.1000,12.857100,9.532710,2.000000,1.570796
106.2000,12.857100,9.607477,2.000000,1.570796
106.3000,12.857100,9.682243,2.000000,1.570796
106.4000,12.857100,9.757009,2.000000,1.570796
106.5000,12.857100,9.831776,2.000000,1.570796
106.6000,12.857100,9.906542,2.000000,1.570796
106.7000,12.857100,9.981308,2.000000,1.570796
106.8000,12.857100,10.056075,2.000000,1.570796
106.9000,12.857100,10.130841,2.000000,1.570796
107.0000,12.857100,10.205607,2.000000,1.570796
107.1000,12.857100,10.280374,2.000000,1.570796
107.2000,12.857100,10.355140,2.000000,1.570796
107.3000,12.857100,10.429907,2.000000,1.570796
107.4000,12.857100,10.504673,2.000000,1.570796
107.5000,12.857100,10.579439,2.000000,1.570796
107.6000,12.857100,10.654206,2.000000,1.570796
107.7000,12.857100,10.728972,2.000000,1.570796
107.8000,12.857100,10.803738,2.000000,1.570796
107.9000,12.857100,10.878505,2.000000,1.570796
108.0000,12.857100,10.953271,2.000000,1.570796
108.1000,12.857100,11.028037,2.000000,1.570796
108.2000,12.857100,11.102804,2.000000,1.570796
108.3000,12.857100,11.177570,2.000000,1.570796
108.4000,12.857100,11.252336,2.000000,1.570796
108.5000,12.857100,11.327103,2.000000,1.570796
108.6000,12.857100,11.401869,2.000000,1.570796
108.7000,12.857100,11.476636,2.000000,1.570796
108.8000,12.857100,11.551402,2.000000,1.570796
108.9000,12.857100,11.626168,2.000000,1.570796
109.0000,12.857100,11.700935,2.000000,1.570796
109.1000,12.857100,11.775701,2.000000,1.570796
109.2000,12.857100,11.850467,2.000000,1.570796
109.3000,12.857100,11.925234,2.000000,1.570796
109.4000,12.857100,12.000000,2.000000,1.570796
109.5000,12.857100,12.000000,2.000000,1.570796
109.6000,12.857100,12.000000,2.000000,1.570796
109.7000,12.857100,12.000000,2.000000,1.570796
109.8000,12.857100,12.000000,2.000000,1.570796
109.9000,12.857100,12.000000,2.000000,1.570796
110.0000,12.857100,12.000000,2.000000,1.570796
110.1000,12.857100,12.000000,2.000000,1.570796
110.2000,12.857100,12.000000,2.000000,1.570796
110.3000,12.857100,12.000000,2.000000,1.570796
110.4000,12.857100,12.000000,2.000000,1.570796
110.5000,12.857100,12.000000,2.000000,1.570796
110.6000,12.857100,12.000000,2.000000,1.570796
110.7000,12.857100,12.000000,2.000000,1.570796
110.8000,12.857100,12.000000,2.000000,1.570796
110.9000,12.857100,12.000000,2.000000,1.570796
111.0000,12.857100,12.000000,2.000000,1.570796
111.1000,12.857100,12.000000,2.000000,1.570796
111.2000,12.857100,12.000000,2.000000,1.570796
111.3000,12.857100,12.000000,2.000000,1.570796
111.4000,12.857100,12.000000,2.000000,1.570796
111.5000,12.920750,11.960396,2.000000,-0.556597
111.6000,12.984399,11.920792,2.000000,-0.556597
111.7000,13.048049,11.881188,2.000000,-0.556597
111.8000,13.111698,11.841584,2.000000,-0.556597
111.9000,13.175348,11.801980,2.000000,-0.556597
112.0000,13.238997,11.762376,2.000000,-0.556597
112.1000,13.302647,11.722772,2.000000,-0.556597
112.2000,13.366296,11.683168,2.000000,-0.556597
112.3000,13.429946,11.643564,2.000000,-0.556597
112.4000,13.493595,11.603960,2.000000,-0.556597
112.5000,13.557245,11.564356,2.000000,-0.556597
112.6000,13.620894,11.524752,2.000000,-0.556597
112.7000,13.684544,11.485149,2.000000,-0.556597
112.8000,13.748193,11.445545,2.000000,-0.556597
112.9000,13.811843,11.405941,2.000000,-0.556597
113.0000,13.875492,11.366337,2.000000,-0.556597
113.1000,13.939142,11.326733,2.000000,-0.556597
113.2000,14.002791,11.287129,2.000000,-0.556597
113.3000,14.066441,11.247525,2.000000,-0.556597
113.4000,14.130090,11.207921,2.000000,-0.556597
113.5000,14.193740,11.168317,2.000000,-0.556597
113.6000,14.257389,11.128713,2.000000,-0.556597
113.7000,14.321039,11.089109,2.000000,-0.556597
113.8000,14.384688,11.049505,2.000000,-0.556597
113.9000,14.448338,11.009901,2.000000,-0.556597
114.0000,14.511987,10.970297,2.000000,-0.556597
114.1000,14.575637,10.930693,2.000000,-0.556597
114.2000,14.639286,10.891089,2.000000,-0.556597
114.3000,14.702936,10.851485,2.000000,-0.556597
114.4000,14.766585,10.811881,2.000000,-0.556597
114.5000,14.830235,10.772277,2.000000,-0.556597
114.6000,14.893884,10.732673,2.000000,-0.556597
114.7000,14.957534,10.693069,2.000000,-0.556597
114.8000,15.021183,10.653465,2.000000,-0.556597
114.9000,15.084833,10.613861,2.000000,-0.556597
115.0000,15.148482,10.574257,2.000000,-0.556597
115.1000,15.212132,10.534653,2.000000,-0.556597
115.2000,15.275781,10.495050,2.000000,-0.556597
115.3000,15.339431,10.455446,2.000000,-0.556597
115.4000,15.403080,10.415842,2.000000,-0.556597
115.5000,15.466730,10.376238,2.000000,-0.556597
115.6000,15.530379,10.336634,2.000000,-0.556597
115.7000,15.594029,10.297030,2.000000,-0.556597
115.8000,15.657678,10.257426,2.000000,-0.556597
115.9000,15.721328,10.217822,2.000000,-0.556597
116.0000,15.784977,10.178218,2.000000,-0.556597
116.1000,15.848627,10.138614,2.000000,-0.556597
116.2000,15.912276,10.099010,2.000000,-0.556597
116.3000,15.975926,10.059406,2.000000,-0.556597
116.4000,16.039575,10.019802,2.000000,-0.556597
116.5000,16.103225,9.980198,2.000000,-0.556597
116.6000,16.166874,9.940594,2.000000,-0.556597
116.7000,16.230524,9.900990,2.000000,-0.556597
116.8000,16.294173,9.861386,2.000000,-0.556597
116.9000,16.357823,9.821782,2.000000,-0.556597
117.0000,16.421472,9.782178,2.000000,-0.556597
117.1000,16.485122,9.742574,2.000000,-0.556597
117.2000,16.548771,9.702970,2.000000,-0.556597
117.3000,16.612421,9.663366,2.000000,-0.556597
117.4000,16.676070,9.623762,2.000000,-0.556597
117.5000,16.739720,9.584158,2.000000,-0.556597
117.6000,16.803369,9.544554,2.000000,-0.556597
117.7000,16.867019,9.504950,2.000000,-0.556597
117.8000,16.930668,9.465347,2.000000,-0.556597
117.9000,16.994318,9.425743,2.000000,-0.556597
118.0000,17.057967,9.386139,2.000000,-0.556597
118.1000,17.121617,9.346535,2.000000,-0.556597
118.2000,17.185266,9.306931,2.000000,-0.556597
118.3000,17.248916,9.267327,2.000000,-0.556597
118.4000,17.312565,9.227723,2.000000,-0.556597
118.5000,17.376215,9.188119,2.000000,-0.556597
118.6000,17.439864,9.148515,2.000000,-0.556597
118.7000,17.503514,9.108911,2.000000,-0.556597
118.8000,17.567163,9.069307,2.000000,-0.556597
118.9000,17.630813,9.029703,2.000000,-0.556597
119.0000,17.694462,8.990099,2.000000,-0.556597
119.1000,17.758112,8.950495,2.000000,-0.556597
119.2000,17.821761,8.910891,2.000000,-0.556597
119.3000,17.885411,8.871287,2.000000,-0.556597
119.4000,17.949060,8.831683,2.000000,-0.556597
119.5000,18.012710,8.792079,2.000000,-0.556597
119.6000,18.076359,8.752475,2.000000,-0.556597
119.7000,18.140009,8.712871,2.000000,-0.556597
119.8000,18.203658,8.673267,2.000000,-0.556597
119.9000,18.267308,8.633663,2.000000,-0.556597
120.0000,18.330957,8.594059,2.000000,-0.556597
120.1000,18.394607,8.554455,2.000000,-0.556597
120.2000,18.458256,8.514851,2.000000,-0.556597
120.3000,18.521906,8.475248,2.000000,-0.556597
120.4000,18.585555,8.435644,2.000000,-0.556597
120.5000,18.649205,8.396040,2.000000,-0.556597
120.6000,18.712854,8.356436,2.000000,-0.556597
120.7000,18.776504,8.316832,2.000000,-0.556597
120.8000,18.840153,8.277228,2.000000,-0.556597
120.9000,18.903803,8.237624,2.000000,-0.556597
121.0000,18.967452,8.198020,2.000000,-0.556597
121.1000,19.031102,8.158416,2.000000,-0.556597
121.2000,19.094751,8.118812,2.000000,-0.556597
121.3000,19.158401,8.079208,2.000000,-0.556597
121.4000,19.222050,8.039604,2.000000,-0.556597
121.5000,19.285700,8.000000,2.000000,-0.556597
121.6000,19.349350,7.960396,2.000000,-0.556597
121.7000,19.412999,7.920792,2.000000,-0.556597
121.8000,19.476649,7.881188,2.000000,-0.556597
121.9000,19.540298,7.841584,2.000000,-0.556597
122.0000,19.603948,7.801980,2.000000,-0.556597
122.1000,19.667597,7.762376,2.000000,-0.556597
122.2000,19.731247,7.722772,2.000000,-0.556597
122.3000,19.794896,7.683168,2.000000,-0.556597
122.4000,19.858546,7.643564,2.000000,-0.556597
122.5000,19.922195,7.603960,2.000000,-0.556597
122.6000,19.985845,7.564356,2.000000,-0.556597
122.7000,20.049494,7.524752,2.000000,-0.556597
122.8000,20.113144,7.485149,2.000000,-0.556597
122.9000,20.176793,7.445545,2.000000,-0.556597
123.0000,20.240443,7.405941,2.000000,-0.556597
123.1000,20.304092,7.366337,2.000000,-0.556597
123.2000,20.367742,7.326733,2.000000,-0.556597
123.3000,20.431391,7.287129,2.000000,-0.556597
123.4000,20.495041,7.247525,2.000000,-0.556597
123.5000,20.558690,7.207921,2.000000,-0.556597
123.6000,20.622340,7.168317,2.000000,-0.556597
123.7000,20.685989,7.128713,2.000000,-0.556597
123.8000,20.749639,7.089109,2.000000,-0.556597
123.9000,20.813288,7.049505,2.000000,-0.556597
124.0000,20.876938,7.009901,2.000000,-0.556597
124.1000,20.940587,6.970297,2.000000,-0.556597
124.2000,21.004237,6.930693,2.000000,-0.556597
124.3000,21.067886,6.891089,2.000000,-0.556597
124.4000,21.131536,6.851485,2.000000,-0.556597
124.5000,21.195185,6.811881,2.000000,-0.556597
124.6000,21.258835,6.772277,2.000000,-0.556597
124.7000,21.322484,6.732673,2.000000,-0.556597
124.8000,21.386134,6.693069,2.000000,-0.556597
124.9000,21.449783,6.653465,2.000000,-0.556597
125.0000,21.513433,6.613861,2.000000,-0.556597
125.1000,21.577082,6.574257,2.000000,-0.556597
125.2000,21.640732,6.534653,2.000000,-0.556597
125.3000,21.704381,6.495050,2.000000,-0.556597
125.4000,21.768031,6.455446,2.000000,-0.556597
125.5000,21.831680,6.415842,2.000000,-0.556597
125.6000,21.895330,6.376238,2.000000,-0.556597
125.7000,21.958979,6.336634,2.000000,-0.556597
125.8000,22.022629,6.297030,2.000000,-0.556597
125.9000,22.086278,6.257426,2.000000,-0.556597
126.0000,22.149928,6.217822,2.000000,-0.556597
126.1000,22.213577,6.178218,2.000000,-0.556597
126.2000,22.277227,6.138614,2.000000,-0.556597
126.3000,22.340876,6.099010,2.000000,-0.556597
126.4000,22.404526,6.059406,2.000000,-0.556597
126.5000,22.468175,6.019802,2.000000,-0.556597
126.6000,22.531825,5.980198,2.000000,-0.556597
126.7000,22.595474,5.940594,2.000000,-0.556597
126.8000,22.659124,5.900990,2.000000,-0.556597
126.9000,22.722773,5.861386,2.000000,-0.556597
127.0000,22.786423,5.821782,2.000000,-0.556597
127.1000,22.850072,5.782178,2.000000,-0.556597
127.2000,22.913722,5.742574,2.000000,-0.556597
127.3000,22.977371,5.702970,2.000000,-0.556597
127.4000,23.041021,5.663366,2.000000,-0.556597
127.5000,23.104670,5.623762,2.000000,-0.556597
127.6000,23.168320,5.584158,2.000000,-0.556597
127.7000,23.231969,5.544554,2.000000,-0.556597
127.8000,23.295619,5.504950,2.000000,-0.556597
127.9000,23.359268,5.465347,2.000000,-0.556597
128.0000,23.422918,5.425743,2.000000,-0.556597
128.1000,23.486567,5.386139,2.000000,-0.556597
128.2000,23.550217,5.346535,2.000000,-0.556597
128.3000,23.613866,5.306931,2.000000,-0.556597
128.4000,23.677516,5.267327,2.000000,-0.556597
128.5000,23.741165,5.227723,2.000000,-0.556597
128.6000,23.804815,5.188119,2.000000,-0.556597
128.7000,23.868464,5.148515,2.000000,-0.556597
128.8000,23.932114,5.108911,2.000000,-0.556597
128.9000,23.995763,5.069307,2.000000,-0.556597
129.0000,24.059413,5.029703,2.000000,-0.556597
129.1000,24.123062,4.990099,2.000000,-0.556597
129.2000,24.186712,4.950495,2.000000,-0.556597
129.3000,24.250361,4.910891,2.000000,-0.556597
129.4000,24.314011,4.871287,2.000000,-0.556597
129.5000,24.377660,4.831683,2.000000,-0.556597
129.6000,24.441310,4.792079,2.000000,-0.556597
129.7000,24.504959,4.752475,2.000000,-0.556597
129.8000,24.568609,4.712871,2.000000,-0.556597
129.9000,24.632258,4.673267,2.000000,-0.556597
130.0000,24.695908,4.633663,2.000000,-0.556597
130.1000,24.759557,4.594059,2.000000,-0.556597
130.2000,24.823207,4.554455,2.000000,-0.556597
130.3000,24.886856,4.514851,2.000000,-0.556597
130.4000,24.950506,4.475248,2.000000,-0.556597
130.5000,25.014155,4.435644,2.000000,-0.556597
130.6000,25.077805,4.396040,2.000000,-0.556597
130.7000,25.141454,4.356436,2.000000,-0.556597
130.8000,25.205104,4.316832,2.000000,-0.556597
130.9000,25.268753,4.277228,2.000000,-0.556597
131.0000,25.332403,4.237624,2.000000,-0.556597
131.1000,25.396052,4.198020,2.000000,-0.556597
131.2000,25.459702,4.158416,2.000000,-0.556597
131.3000,25.523351,4.118812,2.000000,-0.556597
131.4000,25.587001,4.079208,2.000000,-0.556597
131.5000,25.650650,4.039604,2.000000,-0.556597
131.6000,25.714300,4.000000,2.000000,-0.556597
131.7000,25.714300,4.000000,2.000000,-0.556597
131.8000,25.714300,4.000000,2.000000,-0.556597
131.9000,25.714300,4.000000,2.000000,-0.556597
132.0000,25.714300,4.000000,2.000000,-0.556597
132.1000,25.714300,4.000000,2.000000,-0.556597
132.2000,25.714300,4.000000,2.000000,-0.556597
132.3000,25.714300,4.000000,2.000000,-0.556597
132.4000,25.714300,4.000000,2.000000,-0.556597
132.5000,25.714300,4.000000,2.000000,-0.556597
132.6000,25.714300,4.000000,2.000000,-0.556597
132.7000,25.714300,4.000000,2.000000,-0.556597
132.8000,25.714300,4.000000,2.000000,-0.556597
132.9000,25.714300,4.000000,2.000000,-0.556597
133.0000,25.714300,4.000000,2.000000,-0.556597
133.1000,25.714300,4.000000,2.000000,-0.556597
133.2000,25.714300,4.000000,2.000000,-0.556597
133.3000,25.714300,4.000000,2.000000,-0.556597
133.4000,25.714300,4.000000,2.000000,-0.556597
133.5000,25.714300,4.000000,2.000000,-0.556597
133.6000,25.714300,4.000000,2.000000,-0.556597
133.7000,25.648769,4.036697,2.000000,2.631105
133.8000,25.583238,4.073394,2.000000,2.631105
133.9000,25.517707,4.110092,2.000000,2.631105
134.0000,25.452176,4.146789,2.000000,2.631105
134.1000,25.386646,4.183486,2.000000,2.631105
134.2000,25.321115,4.220183,2.000000,2.631105
134.3000,25.255584,4.256881,2.000000,2.631105
134.4000,25.190053,4.293578,2.000000,2.631105
134.5000,25.124522,4.330275,2.000000,2.631105
134.6000,25.058991,4.366972,2.000000,2.631105
134.7000,24.993460,4.403670,2.000000,2.631105
134.8000,24.927929,4.440367,2.000000,2.631105
134.9000,24.862398,4.477064,2.000000,2.631105
135.0000,24.796868,4.513761,2.000000,2.631105
135.1000,24.731337,4.550459,2.000000,2.631105
135.2000,24.665806,4.587156,2.000000,2.631105
135.3000,24.600275,4.623853,2.000000,2.631105
135.4000,24.534744,4.660550,2.000000,2.631105
135.5000,24.469213,4.697248,2.000000,2.631105
135.6000,24.403682,4.733945,2.000000,2.631105
135.7000,24.338151,4.770642,2.000000,2.631105
135.8000,24.272620,4.807339,2.000000,2.631105
135.9000,24.207090,4.844037,2.000000,2.631105
136.0000,24.141559,4.880734,2.000000,2.631105
136.1000,24.076028,4.917431,2.000000,2.631105
136.2000,24.010497,4.954128,2.000000,2.631105
136.3000,23.944966,4.990826,2.000000,2.631105
136.4000,23.879435,5.027523,2.000000,2.631105
136.5000,23.813904,5.064220,2.000000,2.631105
136.6000,23.748373,5.100917,2.000000,2.631105
136.7000,23.682843,5.137615,2.000000,2.631105
136.8000,23.617312,5.174312,2.000000,2.631105
136.9000,23.551781,5.211009,2.000000,2.631105
137.0000,23.486250,5.247706,2.000000,2.631105
137.1000,23.420719,5.284404,2.000000,2.631105
137.2000,23.355188,5.321101,2.000000,2.631105
137.3000,23.289657,5.357798,2.000000,2.631105
137.4000,23.224126,5.394495,2.000000,2.631105
137.5000,23.158595,5.431193,2.000000,2.631105
137.6000,23.093065,5.467890,2.000000,2.631105
137.7000,23.027534,5.504587,2.000000,2.631105
137.8000,22.962003,5.541284,2.000000,2.631105
137.9000,22.896472,5.577982,2.000000,2.631105
138.0000,22.830941,5.614679,2.000000,2.631105
138.1000,22.765410,5.651376,2.000000,2.631105
138.2000,22.699879,5.688073,2.000000,2.631105
138.3000,22.634348,5.724771,2.000000,2.631105
138.4000,22.568817,5.761468,2.000000,2.631105
138.5000,22.503287,5.798165,2.000000,2.631105
138.6000,22.437756,5.834862,2.000000,2.631105
138.7000,22.372225,5.871560,2.000000,2.631105
138.8000,22.306694,5.908257,2.000000,2.631105
138.9000,22.241163,5.944954,2.000000,2.631105
139.0000,22.175632,5.981651,2.000000,2.631105
139.1000,22.110101,6.018349,2.000000,2.631105
139.2000,22.044570,6.055046,2.000000,2.631105
139.3000,21.979039,6.091743,2.000000,2.631105
139.4000,21.913509,6.128440,2.000000,2.631105
139.5000,21.847978,6.165138,2.000000,2.631105
139.6000,21.782447,6.201835,2.000000,2.631105
139.7000,21.716916,6.238532,2.000000,2.631105
139.8000,21.651385,6.275229,2.000000,2.631105
139.9000,21.585854,6.311927,2.000000,2.631105
140.0000,21.520323,6.348624,2.000000,2.631105
140.1000,21.454792,6.385321,2.000000,2.631105
140.2000,21.389261,6.422018,2.000000,2.631105
140.3000,21.323731,6.458716,2.000000,2.631105
140.4000,21.258200,6.495413,2.000000,2.631105
140.5000,21.192669,6.532110,2.000000,2.631105
140.6000,21.127138,6.568807,2.000000,2.631105
140.7000,21.061607,6.605505,2.000000,2.631105
140.8000,20.996076,6.642202,2.000000,2.631105
140.9000,20.930545,6.678899,2.000000,2.631105
141.0000,20.865014,6.715596,2.000000,2.631105
141.1000,20.799483,6.752294,2.000000,2.631105
141.2000,20.733953,6.788991,2.000000,2.631105
141.3000,20.668422,6.825688,2.000000,2.631105
141.4000,20.602891,6.862385,2.000000,2.631105
141.5000,20.537360,6.899083,2.000000,2.631105
141.6000,20.471829,6.935780,2.000000,2.631105
141.7000,20.406298,6.972477,2.000000,2.631105
141.8000,20.340767,7.009174,2.000000,2.631105
141.9000,20.275236,7.045872,2.000000,2.631105
142.0000,20.209706,7.082569,2.000000,2.631105
142.1000,20.144175,7.119266,2.000000,2.631105
142.2000,20.078644,7.155963,2.000000,2.631105
142.3000,20.013113,7.192661,2.000000,2.631105
142.4000,19.947582,7.229358,2.000000,2.631105
142.5000,19.882051,7.266055,2.000000,2.631105
142.6000,19.816520,7.302752,2.000000,2.631105
142.7000,19.750989,7.339450,2.000000,2.631105
142.8000,19.685458,7.376147,2.000000,2.631105
142.9000,19.619928,7.412844,2.000000,2.631105
143.0000,19.554397,7.449541,2.000000,2.631105
143.1000,19.488866,7.486239,2.000000,2.631105
143.2000,19.423335,7.522936,2.000000,2.631105
143.3000,19.357804,7.559633,2.000000,2.631105
143.4000,19.292273,7.596330,2.000000,2.631105
143.5000,19.226742,7.633028,2.000000,2.631105
143.6000,19.161211,7.669725,2.000000,2.631105
143.7000,19.095680,7.706422,2.000000,2.631105
143.8000,19.030150,7.743119,2.000000,2.631105
143.9000,18.964619,7.779817,2.000000,2.631105
144.0000,18.899088,7.816514,2.000000,2.631105
144.1000,18.833557,7.853211,2.000000,2.631105
144.2000,18.768026,7.889908,2.000000,2.631105
144.3000,18.702495,7.926606,2.000000,2.631105
144.4000,18.636964,7.963303,2.000000,2.631105
144.5000,18.571433,8.000000,2.000000,2.631105
144.6000,18.505902,8.036697,2.000000,2.631105
144.7000,18.440372,8.073394,2.000000,2.631105
144.8000,18.374841,8.110092,2.000000,2.631105
144.9000,18.309310,8.146789,2.000000,2.631105
145.0000,18.243779,8.183486,2.000000,2.631105
145.1000,18.178248,8.220183,2.000000,2.631105
145.2000,18.112717,8.256881,2.000000,2.631105
145.3000,18.047186,8.293578,2.000000,2.631105
145.4000,17.981655,8.330275,2.000000,2.631105
145.5000,17.916124,8.366972,2.000000,2.631105
145.6000,17.850594,8.403670,2.000000,2.631105
145.7000,17.785063,8.440367,2.000000,2.631105
145.8000,17.719532,8.477064,2.000000,2.631105
145.9000,17.654001,8.513761,2.000000,2.631105
146.0000,17.588470,8.550459,2.000000,2.631105
146.1000,17.522939,8.587156,2.000000,2.631105
146.2000,17.457408,8.623853,2.000000,2.631105
146.3000,17.391877,8.660550,2.000000,2.631105
146.4000,17.326346,8.697248,2.000000,2.631105
146.5000,17.260816,8.733945,2.000000,2.631105
146.6000,17.195285,8.770642,2.000000,2.631105
146.7000,17.129754,8.807339,2.000000,2.631105
146.8000,17.064223,8.844037,2.000000,2.631105
146.9000,16.998692,8.880734,2.000000,2.631105
147.0000,16.933161,8.917431,2.000000,2.631105
147.1000,16.867630,8.954128,2.000000,2.631105
147.2000,16.802099,8.990826,2.000000,2.631105
147.3000,16.736569,9.027523,2.000000,2.631105
147.4000,16.671038,9.064220,2.000000,2.631105
147.5000,16.605507,9.100917,2.000000,2.631105
147.6000,16.539976,9.137615,2.000000,2.631105
147.7000,16.474445,9.174312,2.000000,2.631105
147.8000,16.408914,9.211009,2.000000,2.631105
147.9000,16.343383,9.247706,2.000000,2.631105
148.0000,16.277852,9.284404,2.000000,2.631105
148.1000,16.212321,9.321101,2.000000,2.631105
148.2000,16.146791,9.357798,2.000000,2.631105
148.3000,16.081260,9.394495,2.000000,2.631105
148.4000,16.015729,9.431193,2.000000,2.631105
148.5000,15.950198,9.467890,2.000000,2.631105
148.6000,15.884667,9.504587,2.000000,2.631105
148.7000,15.819136,9.541284,2.000000,2.631105
148.8000,15.753605,9.577982,2.000000,2.631105
148.9000,15.688074,9.614679,2.000000,2.631105
149.0000,15.622543,9.651376,2.000000,2.631105
149.1000,15.557013,9.688073,2.000000,2.631105
149.2000,15.491482,9.724771,2.000000,2.631105
149.3000,15.425951,9.761468,2.000000,2.631105
149.4000,15.360420,9.798165,2.000000,2.631105
149.5000,15.294889,9.834862,2.000000,2.631105
149.6000,15.229358,9.871560,2.000000,2.631105
149.7000,15.163827,9.908257,2.000000,2.631105
149.8000,15.098296,9.944954,2.000000,2.631105
149.9000,15.032765,9.981651,2.000000,2.631105
150.0000,14.967235,10.018349,2.000000,2.631105
150.1000,14.901704,10.055046,2.000000,2.631105
150.2000,14.836173,10.091743,2.000000,2.631105
150.3000,14.770642,10.128440,2.000000,2.631105
150.4000,14.705111,10.165138,2.000000,2.631105
150.5000,14.639580,10.201835,2.000000,2.631105
150.6000,14.574049,10.238532,2.000000,2.631105
150.7000,14.508518,10.275229,2.000000,2.631105
150.8000,14.442987,10.311927,2.000000,2.631105
150.9000,14.377457,10.348624,2.000000,2.631105
151.0000,14.311926,10.385321,2.000000,2.631105
151.1000,14.246395,10.422018,2.000000,2.631105
151.2000,14.180864,10.458716,2.000000,2.631105
151.3000,14.115333,10.495413,2.000000,2.631105
151.4000,14.049802,10.532110,2.000000,2.631105
151.5000,13.984271,10.568807,2.000000,2.631105
151.6000,13.918740,10.605505,2.000000,2.631105
151.7000,13.853209,10.642202,2.000000,2.631105
151.8000,13.787679,10.678899,2.000000,2.631105
151.9000,13.722148,10.715596,2.000000,2.631105
152.0000,13.656617,10.752294,2.000000,2.631105
152.1000,13.591086,10.788991,2.000000,2.631105
152.2000,13.525555,10.825688,2.000000,2.631105
152.3000,13.460024,10.862385,2.000000,2.631105
152.4000,13.394493,10.899083,2.000000,2.631105
152.5000,13.328962,10.935780,2.000000,2.631105
152.6000,13.263431,10.972477,2.000000,2.631105
152.7000,13.197901,11.009174,2.000000,2.631105
152.8000,13.132370,11.045872,2.000000,2.631105
152.9000,13.066839,11.082569,2.000000,2.631105
153.0000,13.001308,11.119266,2.000000,2.631105
153.1000,12.935777,11.155963,2.000000,2.631105
153.2000,12.870246,11.192661,2.000000,2.631105
153.3000,12.804715,11.229358,2.000000,2.631105
153.4000,12.739184,11.266055,2.000000,2.631105
153.5000,12.673654,11.302752,2.000000,2.631105
153.6000,12.608123,11.339450,2.000000,2.631105
153.7000,12.542592,11.376147,2.000000,2.631105
153.8000,12.477061,11.412844,2.000000,2.631105
153.9000,12.411530,11.449541,2.000000,2.631105
154.0000,12.345999,11.486239,2.000000,2.631105
154.1000,12.280468,11.522936,2.000000,2.631105
154.2000,12.214937,11.559633,2.000000,2.631105
154.3000,12.149406,11.596330,2.000000,2.631105
154.4000,12.083876,11.633028,2.000000,2.631105
154.5000,12.018345,11.669725,2.000000,2.631105
154.6000,11.952814,11.706422,2.000000,2.631105
154.7000,11.887283,11.743119,2.000000,2.631105
154.8000,11.821752,11.779817,2.000000,2.631105
154.9000,11.756221,11.816514,2.000000,2.631105
155.0000,11.690690,11.853211,2.000000,2.631105
155.1000,11.625159,11.889908,2.000000,2.631105
155.2000,11.559628,11.926606,2.000000,2.631105
155.3000,11.494098,11.963303,2.000000,2.631105
155.4000,11.428567,12.000000,2.000000,2.631105
155.5000,11.363036,12.036697,2.000000,2.631105
155.6000,11.297505,12.073394,2.000000,2.631105
155.7000,11.231974,12.110092,2.000000,2.631105
155.8000,11.166443,12.146789,2.000000,2.631105
155.9000,11.100912,12.183486,2.000000,2.631105
156.0000,11.035381,12.220183,2.000000,2.631105
156.1000,10.969850,12.256881,2.000000,2.631105
156.2000,10.904320,12.293578,2.000000,2.631105
156.3000,10.838789,12.330275,2.000000,2.631105
156.4000,10.773258,12.366972,2.000000,2.631105
156.5000,10.707727,12.403670,2.000000,2.631105
156.6000,10.642196,12.440367,2.000000,2.631105
156.7000,10.576665,12.477064,2.000000,2.631105
156.8000,10.511134,12.513761,2.000000,2.631105
156.9000,10.445603,12.550459,2.000000,2.631105
157.0000,10.380072,12.587156,2.000000,2.631105
157.1000,10.314542,12.623853,2.000000,2.631105
157.2000,10.249011,12.660550,2.000000,2.631105
157.3000,10.183480,12.697248,2.000000,2.631105
157.4000,10.117949,12.733945,2.000000,2.631105
157.5000,10.052418,12.770642,2.000000,2.631105
157.6000,9.986887,12.807339,2.000000,2.631105
157.7000,9.921356,12.844037,2.000000,2.631105
157.8000,9.855825,12.880734,2.000000,2.631105
157.9000,9.790294,12.917431,2.000000,2.631105
158.0000,9.724764,12.954128,2.000000,2.631105
158.1000,9.659233,12.990826,2.000000,2.631105
158.2000,9.593702,13.027523,2.000000,2.631105
158.3000,9.528171,13.064220,2.000000,2.631105
158.4000,9.462640,13.100917,2.000000,2.631105
158.5000,9.397109,13.137615,2.000000,2.631105
158.6000,9.331578,13.174312,2.000000,2.631105
158.7000,9.266047,13.211009,2.000000,2.631105
158.8000,9.200517,13.247706,2.000000,2.631105
158.9000,9.134986,13.284404,2.000000,2.631105
159.0000,9.069455,13.321101,2.000000,2.631105
159.1000,9.003924,13.357798,2.000000,2.631105
159.2000,8.938393,13.394495,2.000000,2.631105
159.3000,8.872862,13.431193,2.000000,2.631105
159.4000,8.807331,13.467890,2.000000,2.631105
159.5000,8.741800,13.504587,2.000000,2.631105
159.6000,8.676269,13.541284,2.000000,2.631105
159.7000,8.610739,13.577982,2.000000,2.631105
159.8000,8.545208,13.614679,2.000000,2.631105
159.9000,8.479677,13.651376,2.000000,2.631105
160.0000,8.414146,13.688073,2.000000,2.631105
160.1000,8.348615,13.724771,2.000000,2.631105
160.2000,8.283084,13.761468,2.000000,2.631105
160.3000,8.217553,13.798165,2.000000,2.631105
160.4000,8.152022,13.834862,2.000000,2.631105
160.5000,8.086491,13.871560,2.000000,2.631105
160.6000,8.020961,13.908257,2.000000,2.631105
160.7000,7.955430,13.944954,2.000000,2.631105
160.8000,7.889899,13.981651,2.000000,2.631105
160.9000,7.824368,14.018349,2.000000,2.631105
161.0000,7.758837,14.055046,2.000000,2.631105
161.1000,7.693306,14.091743,2.000000,2.631105
161.2000,7.627775,14.128440,2.000000,2.631105
161.3000,7.562244,14.165138,2.000000,2.631105
161.4000,7.496713,14.201835,2.000000,2.631105
161.5000,7.431183,14.238532,2.000000,2.631105
161.6000,7.365652,14.275229,2.000000,2.631105
161.7000,7.300121,14.311927,2.000000,2.631105
161.8000,7.234590,14.348624,2.000000,2.631105
161.9000,7.169059,14.385321,2.000000,2.631105
162.0000,7.103528,14.422018,2.000000,2.631105
162.1000,7.037997,14.458716,2.000000,2.631105
162.2000,6.972466,14.495413,2.000000,2.631105
162.3000,6.906935,14.532110,2.000000,2.631105
162.4000,6.841405,14.568807,2.000000,2.631105
162.5000,6.775874,14.605505,2.000000,2.631105
162.6000,6.710343,14.642202,2.000000,2.631105
162.7000,6.644812,14.678899,2.000000,2.631105
162.8000,6.579281,14.715596,2.000000,2.631105
162.9000,6.513750,14.752294,2.000000,2.631105
163.0000,6.448219,14.788991,2.000000,2.631105
163.1000,6.382688,14.825688,2.000000,2.631105
163.2000,6.317157,14.862385,2.000000,2.631105
163.3000,6.251627,14.899083,2.000000,2.631105
163.4000,6.186096,14.935780,2.000000,2.631105
163.5000,6.120565,14.972477,2.000000,2.631105
163.6000,6.055034,15.009174,2.000000,2.631105
163.7000,5.989503,15.045872,2.000000,2.631105
163.8000,5.923972,15.082569,2.000000,2.631105
163.9000,5.858441,15.119266,2.000000,2.631105
164.0000,5.792910,15.155963,2.000000,2.631105
164.1000,5.727380,15.192661,2.000000,2.631105
164.2000,5.661849,15.229358,2.000000,2.631105
164.3000,5.596318,15.266055,2.000000,2.631105
164.4000,5.530787,15.302752,2.000000,2.631105
164.5000,5.465256,15.339450,2.000000,2.631105
164.6000,5.399725,15.376147,2.000000,2.631105
164.7000,5.334194,15.412844,2.000000,2.631105
164.8000,5.268663,15.449541,2.000000,2.631105
164.9000,5.203132,15.486239,2.000000,2.631105
165.0000,5.137602,15.522936,2.000000,2.631105
165.1000,5.072071,15.559633,2.000000,2.631105
165.2000,5.006540,15.596330,2.000000,2.631105
165.3000,4.941009,15.633028,2.000000,2.631105
165.4000,4.875478,15.669725,2.000000,2.631105
165.5000,4.809947,15.706422,2.000000,2.631105
165.6000,4.744416,15.743119,2.000000,2.631105
165.7000,4.678885,15.779817,2.000000,2.631105
165.8000,4.613354,15.816514,2.000000,2.631105
165.9000,4.547824,15.853211,2.000000,2.631105
166.0000,4.482293,15.889908,2.000000,2.631105
166.1000,4.416762,15.926606,2.000000,2.631105
166.2000,4.351231,15.963303,2.000000,2.631105
166.3000,4.285700,16.000000,2.000000,2.631105
166.4000,4.285700,16.000000,2.000000,2.631105
166.5000,4.285700,16.000000,2.000000,2.631105
166.6000,4.285700,16.000000,2.000000,2.631105
166.7000,4.285700,16.000000,2.000000,2.631105
166.8000,4.285700,16.000000,2.000000,2.631105
166.9000,4.285700,16.000000,2.000000,2.631105
167.0000,4.285700,16.000000,2.000000,2.631105
167.1000,4.285700,16.000000,2.000000,2.631105
167.2000,4.285700,16.000000,2.000000,2.631105
167.3000,4.285700,16.000000,2.000000,2.631105
167.4000,4.285700,16.000000,2.000000,2.631105
167.5000,4.285700,16.000000,2.000000,2.631105
167.6000,4.285700,16.000000,2.000000,2.631105
167.7000,4.285700,16.000000,2.000000,2.631105
167.8000,4.285700,16.000000,2.000000,2.631105
167.9000,4.285700,16.000000,2.000000,2.631105
168.0000,4.285700,16.000000,2.000000,2.631105
168.1000,4.285700,16.000000,2.000000,2.631105
168.2000,4.285700,16.000000,2.000000,2.631105
168.3000,4.285700,16.000000,2.000000,2.631105
168.4000,4.285700,15.925000,2.000000,-1.570796
168.5000,4.285700,15.850000,2.000000,-1.570796
168.6000,4.285700,15.775000,2.000000,-1.570796
168.7000,4.285700,15.700000,2.000000,-1.570796
168.8000,4.285700,15.625000,2.000000,-1.570796
168.9000,4.285700,15.550000,2.000000,-1.570796
169.0000,4.285700,15.475000,2.000000,-1.570796
169.1000,4.285700,15.400000,2.000000,-1.570796
169.2000,4.285700,15.325000,2.000000,-1.570796
169.3000,4.285700,15.250000,2.000000,-1.570796
169.4000,4.285700,15.175000,2.000000,-1.570796
169.5000,4.285700,15.100000,2.000000,-1.570796
169.6000,4.285700,15.025000,2.000000,-1.570796
169.7000,4.285700,14.950000,2.000000,-1.570796
169.8000,4.285700,14.875000,2.000000,-1.570796
169.9000,4.285700,14.800000,2.000000,-1.570796
170.0000,4.285700,14.725000,2.000000,-1.570796
170.1000,4.285700,14.650000,2.000000,-1.570796
170.2000,4.285700,14.575000,2.000000,-1.570796
170.3000,4.285700,14.500000,2.000000,-1.570796
170.4000,4.285700,14.425000,2.000000,-1.570796
170.5000,4.285700,14.350000,2.000000,-1.570796
170.6000,4.285700,14.275000,2.000000,-1.570796
170.7000,4.285700,14.200000,2.000000,-1.570796
170.8000,4.285700,14.125000,2.000000,-1.570796
170.9000,4.285700,14.050000,2.000000,-1.570796
171.0000,4.285700,13.975000,2.000000,-1.570796
171.1000,4.285700,13.900000,2.000000,-1.570796
171.2000,4.285700,13.825000,2.000000,-1.570796
171.3000,4.285700,13.750000,2.000000,-1.570796
171.4000,4.285700,13.675000,2.000000,-1.570796
171.5000,4.285700,13.600000,2.000000,-1.570796
171.6000,4.285700,13.525000,2.000000,-1.570796
171.7000,4.285700,13.450000,2.000000,-1.570796
171.8000,4.285700,13.375000,2.000000,-1.570796
171.9000,4.285700,13.300000,2.000000,-1.570796
172.0000,4.285700,13.225000,2.000000,-1.570796
172.1000,4.285700,13.150000,2.000000,-1.570796
172.2000,4.285700,13.075000,2.000000,-1.570796
172.3000,4.285700,13.000000,2.000000,-1.570796
172.4000,4.285700,12.925000,2.000000,-1.570796
172.5000,4.285700,12.850000,2.000000,-1.570796
172.6000,4.285700,12.775000,2.000000,-1.570796
172.7000,4.285700,12.700000,2.000000,-1.570796
172.8000,4.285700,12.625000,2.000000,-1.570796
172.9000,4.285700,12.550000,2.000000,-1.570796
173.0000,4.285700,12.475000,2.000000,-1.570796
173.1000,4.285700,12.400000,2.000000,-1.570796
173.2000,4.285700,12.325000,2.000000,-1.570796
173.3000,4.285700,12.250000,2.000000,-1.570796
173.4000,4.285700,12.175000,2.000000,-1.570796
173.5000,4.285700,12.100000,2.000000,-1.570796
173.6000,4.285700,12.025000,2.000000,-1.570796
173.7000,4.285700,11.950000,2.000000,-1.570796
173.8000,4.285700,11.875000,2.000000,-1.570796
173.9000,4.285700,11.800000,2.000000,-1.570796
174.0000,4.285700,11.725000,2.000000,-1.570796
174.1000,4.285700,11.650000,2.000000,-1.570796
174.2000,4.285700,11.575000,2.000000,-1.570796
174.3000,4.285700,11.500000,2.000000,-1.570796
174.4000,4.285700,11.425000,2.000000,-1.570796
174.5000,4.285700,11.350000,2.000000,-1.570796
174.6000,4.285700,11.275000,2.000000,-1.570796
174.7000,4.285700,11.200000,2.000000,-1.570796
174.8000,4.285700,11.125000,2.000000,-1.570796
174.9000,4.285700,11.050000,2.000000,-1.570796
175.0000,4.285700,10.975000,2.000000,-1.570796
175.1000,4.285700,10.900000,2.000000,-1.570796
175.2000,4.285700,10.825000,2.000000,-1.570796
175.3000,4.285700,10.750000,2.000000,-1.570796
175.4000,4.285700,10.675000,2.000000,-1.570796
175.5000,4.285700,10.600000,2.000000,-1.570796
175.6000,4.285700,10.525000,2.000000,-1.570796
175.7000,4.285700,10.450000,2.000000,-1.570796
175.8000,4.285700,10.375000,2.000000,-1.570796
175.9000,4.285700,10.300000,2.000000,-1.570796
176.0000,4.285700,10.225000,2.000000,-1.570796
176.1000,4.285700,10.150000,2.000000,-1.570796
176.2000,4.285700,10.075000,2.000000,-1.570796
176.3000,4.285700,10.000000,2.000000,-1.570796
176.4000,4.285700,9.925000,2.000000,-1.570796
176.5000,4.285700,9.850000,2.000000,-1.570796
176.6000,4.285700,9.775000,2.000000,-1.570796
176.7000,4.285700,9.700000,2.000000,-1.570796
176.8000,4.285700,9.625000,2.000000,-1.570796
176.9000,4.285700,9.550000,2.000000,-1.570796
177.0000,4.285700,9.475000,2.000000,-1.570796
177.1000,4.285700,9.400000,2.000000,-1.570796
177.2000,4.285700,9.325000,2.000000,-1.570796
177.3000,4.285700,9.250000,2.000000,-1.570796
177.4000,4.285700,9.175000,2.000000,-1.570796
177.5000,4.285700,9.100000,2.000000,-1.570796
177.6000,4.285700,9.025000,2.000000,-1.570796
177.7000,4.285700,8.950000,2.000000,-1.570796
177.8000,4.285700,8.875000,2.000000,-1.570796
177.9000,4.285700,8.800000,2.000000,-1.570796
178.0000,4.285700,8.725000,2.000000,-1.570796
178.1000,4.285700,8.650000,2.000000,-1.570796
178.2000,4.285700,8.575000,2.000000,-1.570796
178.3000,4.285700,8.500000,2.000000,-1.570796
178.4000,4.285700,8.425000,2.000000,-1.570796
178.5000,4.285700,8.350000,2.000000,-1.570796
178.6000,4.285700,8.275000,2.000000,-1.570796
178.7000,4.285700,8.200000,2.000000,-1.570796
178.8000,4.285700,8.125000,2.000000,-1.570796
178.9000,4.285700,8.050000,2.000000,-1.570796
179.0000,4.285700,7.975000,2.000000,-1.570796
179.1000,4.285700,7.900000,2.000000,-1.570796
179.2000,4.285700,7.825000,2.000000,-1.570796
179.3000,4.285700,7.750000,2.000000,-1.570796
179.4000,4.285700,7.675000,2.000000,-1.570796
179.5000,4.285700,7.600000,2.000000,-1.570796
179.6000,4.285700,7.525000,2.000000,-1.570796
179.7000,4.285700,7.450000,2.000000,-1.570796
179.8000,4.285700,7.375000,2.000000,-1.570796
179.9000,4.285700,7.300000,2.000000,-1.570796
180.0000,4.285700,7.225000,2.000000,-1.570796
180.1000,4.285700,7.150000,2.000000,-1.570796
180.2000,4.285700,7.075000,2.000000,-1.570796
180.3000,4.285700,7.000000,2.000000,-1.570796
180.4000,4.285700,6.925000,2.000000,-1.570796
180.5000,4.285700,6.850000,2.000000,-1.570796
180.6000,4.285700,6.775000,2.000000,-1.570796
180.7000,4.285700,6.700000,2.000000,-1.570796
180.8000,4.285700,6.625000,2.000000,-1.570796
180.9000,4.285700,6.550000,2.000000,-1.570796
181.0000,4.285700,6.475000,2.000000,-1.570796
181.1000,4.285700,6.400000,2.000000,-1.570796
181.2000,4.285700,6.325000,2.000000,-1.570796
181.3000,4.285700,6.250000,2.000000,-1.570796
181.4000,4.285700,6.175000,2.000000,-1.570796
181.5000,4.285700,6.100000,2.000000,-1.570796
181.6000,4.285700,6.025000,2.000000,-1.570796
181.7000,4.285700,5.950000,2.000000,-1.570796
181.8000,4.285700,5.875000,2.000000,-1.570796
181.9000,4.285700,5.800000,2.000000,-1.570796
182.0000,4.285700,5.725000,2.000000,-1.570796
182.1000,4.285700,5.650000,2.000000,-1.570796
182.2000,4.285700,5.575000,2.000000,-1.570796
182.3000,4.285700,5.500000,2.000000,-1.570796
182.4000,4.285700,5.425000,2.000000,-1.570796
182.5000,4.285700,5.350000,2.000000,-1.570796
182.6000,4.285700,5.275000,2.000000,-1.570796
182.7000,4.285700,5.200000,2.000000,-1.570796
182.8000,4.285700,5.125000,2.000000,-1.570796
182.9000,4.285700,5.050000,2.000000,-1.570796
183.0000,4.285700,4.975000,2.000000,-1.570796
183.1000,4.285700,4.900000,2.000000,-1.570796
183.2000,4.285700,4.825000,2.000000,-1.570796
183.3000,4.285700,4.750000,2.000000,-1.570796
183.4000,4.285700,4.675000,2.000000,-1.570796
183.5000,4.285700,4.600000,2.000000,-1.570796
183.6000,4.285700,4.525000,2.000000,-1.570796
183.7000,4.285700,4.450000,2.000000,-1.570796
183.8000,4.285700,4.375000,2.000000,-1.570796
183.9000,4.285700,4.300000,2.000000,-1.570796
184.0000,4.285700,4.225000,2.000000,-1.570796
184.1000,4.285700,4.150000,2.000000,-1.570796
184.2000,4.285700,4.075000,2.000000,-1.570796
184.3000,4.285700,4.000000,2.000000,-1.570796
184.4000,4.285700,4.000000,2.000000,-1.570796
184.5000,4.285700,4.000000,2.000000,-1.570796
184.6000,4.285700,4.000000,2.000000,-1.570796
184.7000,4.285700,4.000000,2.000000,-1.570796
184.8000,4.285700,4.000000,2.000000,-1.570796
184.9000,4.285700,4.000000,2.000000,-1.570796
185.0000,4.285700,4.000000,2.000000,-1.570796
185.1000,4.285700,4.000000,2.000000,-1.570796
185.2000,4.285700,4.000000,2.000000,-1.570796
185.3000,4.285700,4.000000,2.000000,-1.570796
185.4000,4.285700,4.000000,2.000000,-1.570796
185.5000,4.285700,4.000000,2.000000,-1.570796
185.6000,4.285700,4.000000,2.000000,-1.570796
185.7000,4.285700,4.000000,2.000000,-1.570796
185.8000,4.285700,4.000000,2.000000,-1.570796
185.9000,4.285700,4.000000,2.000000,-1.570796
186.0000,4.285700,4.000000,2.000000,-1.570796
186.1000,4.285700,4.000000,2.000000,-1.570796
186.2000,4.285700,4.000000,2.000000,-1.570796
186.3000,4.285700,4.000000,2.000000,-1.570796
186.4000,4.230755,3.948718,2.000000,-2.390662
186.5000,4.175810,3.897436,2.000000,-2.390662
186.6000,4.120865,3.846154,2.000000,-2.390662
186.7000,4.065921,3.794872,2.000000,-2.390662
186.8000,4.010976,3.743590,2.000000,-2.390662
186.9000,3.956031,3.692308,2.000000,-2.390662
187.0000,3.901086,3.641026,2.000000,-2.390662
187.1000,3.846141,3.589744,2.000000,-2.390662
187.2000,3.791196,3.538462,2.000000,-2.390662
187.3000,3.736251,3.487179,2.000000,-2.390662
187.4000,3.681306,3.435897,2.000000,-2.390662
187.5000,3.626362,3.384615,2.000000,-2.390662
187.6000,3.571417,3.333333,2.000000,-2.390662
187.7000,3.516472,3.282051,2.000000,-2.390662
187.8000,3.461527,3.230769,2.000000,-2.390662
187.9000,3.406582,3.179487,2.000000,-2.390662
188.0000,3.351637,3.128205,2.000000,-2.390662
188.1000,3.296692,3.076923,2.000000,-2.390662
188.2000,3.241747,3.025641,2.000000,-2.390662
188.3000,3.186803,2.974359,2.000000,-2.390662
188.4000,3.131858,2.923077,2.000000,-2.390662
188.5000,3.076913,2.871795,2.000000,-2.390662
188.6000,3.021968,2.820513,2.000000,-2.390662
188.7000,2.967023,2.769231,2.000000,-2.390662
188.8000,2.912078,2.717949,2.000000,-2.390662
188.9000,2.857133,2.666667,2.000000,-2.390662
189.0000,2.802188,2.615385,2.000000,-2.390662
189.1000,2.747244,2.564103,2.000000,-2.390662
189.2000,2.692299,2.512821,2.000000,-2.390662
189.3000,2.637354,2.461538,2.000000,-2.390662
189.4000,2.582409,2.410256,2.000000,-2.390662
189.5000,2.527464,2.358974,2.000000,-2.390662
189.6000,2.472519,2.307692,2.000000,-2.390662
189.7000,2.417574,2.256410,2.000000,-2.390662
189.8000,2.362629,2.205128,2.000000,-2.390662
189.9000,2.307685,2.153846,2.000000,-2.390662
190.0000,2.252740,2.102564,2.000000,-2.390662
190.1000,2.197795,2.051282,2.000000,-2.390662
190.2000,2.142850,2.000000,2.000000,-2.390662
190.3000,2.087905,1.948718,2.000000,-2.390662
190.4000,2.032960,1.897436,2.000000,-2.390662
190.5000,1.978015,1.846154,2.000000,-2.390662
190.6000,1.923071,1.794872,2.000000,-2.390662
190.7000,1.868126,1.743590,2.000000,-2.390662
190.8000,1.813181,1.692308,2.000000,-2.390662
190.9000,1.758236,1.641026,2.000000,-2.390662
191.0000,1.703291,1.589744,2.000000,-2.390662
191.1000,1.648346,1.538462,2.000000,-2.390662
191.2000,1.593401,1.487179,2.000000,-2.390662
191.3000,1.538456,1.435897,2.000000,-2.390662
191.4000,1.483512,1.384615,2.000000,-2.390662
191.5000,1.428567,1.333333,2.000000,-2.390662
191.6000,1.373622,1.282051,2.000000,-2.390662
191.7000,1.318677,1.230769,2.000000,-2.390662
191.8000,1.263732,1.179487,2.000000,-2.390662
191.9000,1.208787,1.128205,2.000000,-2.390662
192.0000,1.153842,1.076923,2.000000,-2.390662
192.1000,1.098897,1.025641,2.000000,-2.390662
192.2000,1.043953,0.974359,2.000000,-2.390662
192.3000,0.989008,0.923077,2.000000,-2.390662
192.4000,0.934063,0.871795,2.000000,-2.390662
192.5000,0.879118,0.820513,2.000000,-2.390662
192.6000,0.824173,0.769231,2.000000,-2.390662
192.7000,0.769228,0.717949,2.000000,-2.390662
192.8000,0.714283,0.666667,2.000000,-2.390662
192.9000,0.659338,0.615385,2.000000,-2.390662
193.0000,0.604394,0.564103,2.000000,-2.390662
193.1000,0.549449,0.512821,2.000000,-2.390662
193.2000,0.494504,0.461538,2.000000,-2.390662
193.3000,0.439559,0.410256,2.000000,-2.390662
193.4000,0.384614,0.358974,2.000000,-2.390662
193.5000,0.329669,0.307692,2.000000,-2.390662
193.6000,0.274724,0.256410,2.000000,-2.390662
193.7000,0.219779,0.205128,2.000000,-2.390662
193.8000,0.164835,0.153846,2.000000,-2.390662
193.9000,0.109890,0.102564,2.000000,-2.390662
194.0000,0.054945,0.051282,2.000000,-2.390662
194.1000,0.000000,0.000000,2.000000,-2.390662
194.2000,0.000000,0.000000,1.950000,-2.390662
194.3000,0.000000,0.000000,1.900000,-2.390662
194.4000,0.000000,0.000000,1.850000,-2.390662
194.5000,0.000000,0.000000,1.800000,-2.390662
194.6000,0.000000,0.000000,1.750000,-2.390662
194.7000,0.000000,0.000000,1.700000,-2.390662
194.8000,0.000000,0.000000,1.650000,-2.390662
194.9000,0.000000,0.000000,1.600000,-2.390662
195.0000,0.000000,0.000000,1.550000,-2.390662
195.1000,0.000000,0.000000,1.500000,-2.390662
195.2000,0.000000,0.000000,1.450000,-2.390662
195.3000,0.000000,0.000000,1.400000,-2.390662
195.4000,0.000000,0.000000,1.350000,-2.390662
195.5000,0.000000,0.000000,1.300000,-2.390662
195.6000,0.000000,0.000000,1.250000,-2.390662
195.7000,0.000000,0.000000,1.200000,-2.390662
195.8000,0.000000,0.000000,1.150000,-2.390662
195.9000,0.000000,0.000000,1.100000,-2.390662
196.0000,0.000000,0.000000,1.050000,-2.390662
196.1000,0.000000,0.000000,1.000000,-2.390662
196.2000,0.000000,0.000000,0.950000,-2.390662
196.3000,0.000000,0.000000,0.900000,-2.390662
196.4000,0.000000,0.000000,0.850000,-2.390662
196.5000,0.000000,0.000000,0.800000,-2.390662
196.6000,0.000000,0.000000,0.750000,-2.390662
196.7000,0.000000,0.000000,0.700000,-2.390662
196.8000,0.000000,0.000000,0.650000,-2.390662
196.9000,0.000000,0.000000,0.600000,-2.390662
197.0000,0.000000,0.000000,0.550000,-2.390662
197.1000,0.000000,0.000000,0.500000,-2.390662
197.2000,0.000000,0.000000,0.450000,-2.390662
197.3000,0.000000,0.000000,0.400000,-2.390662
197.4000,0.000000,0.000000,0.350000,-2.390662
197.5000,0.000000,0.000000,0.300000,-2.390662
197.6000,0.000000,0.000000,0.250000,-2.390662
197.7000,0.000000,0.000000,0.200000,-2.390662
197.8000,0.000000,0.000000,0.150000,-2.390662
197.9000,0.000000,0.000000,0.100000,-2.390662
198.0000,0.000000,0.000000,0.050000,-2.390662
198.1000,0.000000,0.000000,0.000000,-2.390662
